Age,Experience,Education,Hours,Department,Salary,HighSalary
59,24,12,59,Sales,140981,1
49,17,16,56,HR,126219,1
35,9,18,52,Sales,105084,1
28,2,14,53,Finance,69494,0
41,16,16,49,Sales,119538,1
59,25,14,51,Sales,152370,1
39,15,18,52,Sales,127506,1
43,19,16,52,HR,133830,1
31,1,18,45,Finance,70120,0
31,7,18,52,IT,93970,1
44,1,16,57,Finance,68385,0
56,13,18,37,HR,115373,1
60,3,16,47,Finance,72537,0
44,16,18,48,Finance,131281,1
23,0,12,38,Sales,59848,0
42,3,14,52,Sales,72212,0
22,0,12,39,HR,57132,0
44,11,18,48,Sales,110598,1
50,21,18,59,HR,149637,1
58,7,18,46,IT,93834,1
22,1,12,59,Finance,69729,0
41,5,18,41,IT,86429,1
53,30,16,46,IT,171971,1
32,5,14,42,Finance,81561,1
42,9,18,55,Sales,100490,1
45,11,18,55,IT,112041,1
47,20,14,37,Finance,133972,1
48,9,14,56,IT,96069,1
36,9,14,35,IT,91389,1
35,6,12,37,Finance,79701,0
23,2,12,45,Sales,66141,0
57,31,18,52,HR,184733,1
27,3,14,41,Finance,72955,0
41,9,18,43,HR,104383,1
29,8,18,38,Finance,95742,1
59,33,18,57,Finance,183959,1
38,4,12,58,HR,75077,0
24,3,14,44,HR,71839,0
45,7,18,52,Sales,99714,1
34,6,12,57,Finance,85412,1
29,5,16,50,Finance,81720,1
46,10,16,46,Finance,99929,1
22,1,18,53,Sales,78662,0
40,11,18,58,HR,110592,1
48,17,14,56,Finance,123930,1
27,2,14,37,HR,69305,0
28,1,18,42,Sales,72525,0
55,28,12,53,IT,156800,1
34,8,18,43,HR,100362,1
37,13,14,53,Sales,110292,1
56,2,14,51,IT,70913,0
60,17,12,47,Finance,122375,1
24,3,18,36,Finance,72822,0
22,0,14,38,HR,57217,0
26,5,18,45,IT,86950,1
24,1,14,36,Sales,60139,0
49,26,16,38,Finance,157289,1
38,11,16,38,Finance,104391,1
46,6,16,54,IT,92214,1
54,16,14,35,Sales,117191,1
30,0,12,59,Finance,57142,0
56,25,16,60,Finance,158894,1
34,2,14,45,HR,71502,0
51,27,18,57,Sales,172013,1
35,0,16,36,Finance,58694,0
28,5,12,53,IT,74653,0
34,4,12,42,Finance,67610,0
43,14,12,57,Sales,111957,1
60,30,18,54,HR,177193,1
41,2,18,38,Finance,74035,0
36,0,12,59,IT,64508,0
38,7,12,50,Finance,85497,1
44,11,12,49,IT,101437,1
46,21,18,39,Sales,141033,1
45,24,18,39,HR,149634,1
49,18,14,49,Sales,129362,1
35,8,16,57,Finance,92471,1
21,0,18,51,Finance,73298,0
45,24,12,37,HR,135503,1
27,6,16,52,IT,88202,1
29,0,18,45,Sales,68446,0
44,18,16,60,IT,132673,1
21,0,14,40,Finance,56007,0
28,5,18,46,IT,82967,1
44,7,12,56,Sales,81746,1
31,3,12,60,IT,71466,0
37,4,14,51,Finance,76668,0
28,0,14,48,Sales,62717,0
55,21,14,40,IT,135746,1
55,27,14,44,IT,153729,1
53,22,14,50,Sales,143232,1
25,3,18,52,Finance,82992,1
59,3,18,54,Sales,84890,1
48,14,16,40,Finance,112804,1
27,2,14,53,IT,72279,0
29,4,12,37,Sales,72417,0
28,4,12,46,Finance,67577,0
32,7,14,50,Sales,91527,1
54,1,14,37,IT,66670,0
53,6,14,50,Sales,83489,1
43,16,14,38,IT,116670,1
44,15,14,59,IT,120481,1
57,16,12,54,IT,120228,1
55,19,16,47,Finance,136316,1
60,22,14,38,Finance,140843,1
42,1,14,38,HR,65588,0
47,10,14,41,Finance,94541,1
55,33,18,55,HR,190330,1
21,0,12,46,Sales,61726,0
55,32,12,36,IT,168671,1
57,25,16,50,Finance,149668,1
34,1,18,41,IT,76140,0
23,0,18,53,HR,75391,0
21,0,18,45,Finance,69533,0
25,0,16,35,Finance,58021,0
46,21,16,43,Finance,142209,1
34,9,16,39,Finance,100109,1
59,33,18,60,IT,192993,1
47,14,12,51,Finance,112144,1
29,8,18,35,HR,92801,1
35,6,16,51,Finance,87459,1
35,10,18,46,HR,102079,1
46,16,14,59,HR,126514,1
33,11,18,47,IT,105281,1
52,8,18,58,Finance,96491,1
59,35,12,45,HR,178706,1
52,8,12,47,Finance,82060,1
24,3,12,47,IT,67759,0
50,3,14,40,IT,66343,0
57,32,12,60,Finance,169218,1
43,22,14,56,HR,145695,1
59,30,16,40,Sales,170028,1
35,5,12,54,Sales,72946,0
49,9,18,55,IT,104109,1
56,15,18,44,HR,124948,1
33,3,14,53,Sales,75524,0
52,21,12,37,HR,129925,1
27,5,18,60,Finance,92807,1
42,12,16,41,IT,103212,1
48,15,12,39,Finance,107421,1
22,1,16,42,Finance,70474,0
26,5,18,39,Finance,80466,1
48,5,12,46,HR,73782,0
48,25,14,38,Sales,151772,1
40,10,18,53,Finance,103431,1
50,23,16,52,IT,147664,1
31,2,12,37,HR,61328,0
48,19,16,41,Sales,132955,1
45,9,16,42,Finance,100311,1
59,0,14,49,IT,58017,0
53,25,14,55,Finance,156792,1
21,0,18,51,Sales,67010,0
47,25,14,53,Sales,155042,1
33,11,14,38,Finance,94643,1
23,1,18,50,Finance,70823,0
59,24,18,60,HR,155680,1
26,2,18,47,Sales,76337,0
28,3,18,46,Sales,78351,0
47,6,16,38,Finance,84064,1
29,2,16,46,IT,70504,0
57,35,18,51,Finance,194475,1
53,1,18,60,Finance,79287,0
44,20,12,43,Sales,124540,1
35,1,12,46,HR,63676,0
52,13,12,60,Finance,110638,1
52,25,14,49,IT,150562,1
44,15,16,54,IT,116394,1
32,5,16,36,Finance,79553,0
59,16,12,43,IT,116431,1
22,1,12,48,IT,58668,0
23,1,16,38,Finance,70183,0
57,3,14,38,IT,65071,0
37,1,12,40,IT,57249,0
22,0,18,58,Finance,71502,0
22,0,12,39,Sales,51320,0
48,27,16,58,HR,164114,1
43,18,16,51,HR,134480,1
57,15,12,47,Sales,105676,1
52,21,12,54,Finance,130898,1
53,24,18,51,Sales,154537,1
21,0,18,53,HR,75322,0
39,15,14,57,HR,118627,1
22,1,14,35,HR,62855,0
46,22,18,55,HR,147044,1
52,20,14,51,Finance,131157,1
26,4,14,56,HR,75353,0
52,10,12,59,HR,97974,1
24,2,18,37,Finance,72840,0
31,8,12,48,Sales,90553,1
37,3,12,46,Finance,64927,0
58,24,14,49,HR,142774,1
44,12,12,40,IT,96204,1
25,2,16,54,Finance,71228,0
54,25,14,56,Finance,147947,1
26,0,16,36,Sales,63103,0
42,3,14,38,HR,68062,0
31,2,12,47,IT,61002,0
36,1,14,47,Finance,64667,0
53,8,16,57,Finance,101795,1
29,1,14,56,Finance,68376,0
26,5,16,59,IT,85097,1
36,4,18,57,Finance,91637,1
49,4,12,51,Finance,73862,0
23,1,16,40,IT,70673,0
40,4,18,45,Finance,87181,1
56,3,12,53,IT,70652,0
39,8,18,50,Sales,101851,1
46,21,16,42,IT,141717,1
23,2,12,35,Sales,63728,0
39,9,18,44,IT,101381,1
40,15,16,36,HR,115895,1
52,9,18,53,Finance,105790,1
27,4,12,48,Sales,71391,0
53,9,12,37,Finance,91199,1
60,5,12,57,Finance,80062,1
59,4,16,58,IT,84768,1
38,5,18,43,HR,90014,1
60,24,18,57,IT,161506,1
21,0,16,42,Finance,63542,0
31,10,12,45,IT,89300,1
48,18,14,49,Sales,123077,1
45,17,12,40,HR,117823,1
43,3,14,36,Finance,66403,0
51,7,12,35,IT,75271,0
50,26,16,37,Sales,154120,1
55,31,14,59,HR,169634,1
27,2,16,57,IT,74698,0
36,3,14,52,IT,72871,0
46,2,18,48,Finance,81126,1
22,1,14,51,Sales,70372,0
21,0,14,36,HR,55950,0
32,1,14,53,IT,66524,0
25,3,18,56,HR,83902,1
57,5,16,43,Sales,82567,1
52,10,18,42,Finance,104086,1
29,4,14,44,Finance,74249,0
55,18,12,43,Finance,115446,1
39,1,18,42,HR,71522,0
36,8,12,41,HR,89243,1
23,2,18,56,IT,79624,0
40,16,18,58,Sales,127515,1
44,8,14,40,Sales,83218,1
53,16,16,36,Sales,113925,1
44,14,16,43,HR,118420,1
31,6,14,43,Finance,86315,1
28,5,18,53,Sales,88580,1
56,30,16,43,IT,170060,1
58,18,16,36,HR,123570,1
60,34,16,53,Finance,191666,1
40,0,14,50,Sales,59942,0
55,3,12,56,Finance,70757,0
45,17,12,48,IT,114154,1
55,25,12,54,Sales,143687,1
45,7,12,58,Sales,88137,1
49,18,12,35,Finance,120611,1
38,5,16,47,HR,86555,1
38,0,16,56,Finance,69153,0
22,1,18,36,IT,74809,0
55,32,16,56,Finance,177171,1
36,2,14,48,Finance,64760,0
56,20,18,35,Sales,139604,1
53,23,16,49,HR,150749,1
24,0,18,52,HR,74384,0
53,18,18,43,HR,134988,1
34,12,12,56,HR,105529,1
41,20,18,42,Finance,136383,1
40,9,16,41,Sales,90863,1
28,7,12,43,Sales,78628,0
27,3,16,43,HR,74249,0
23,0,12,45,Finance,58832,0
37,6,16,38,HR,83338,1
53,16,12,41,HR,108815,1
32,9,12,55,Sales,95771,1
42,9,14,41,Sales,93113,1
42,5,16,38,HR,83686,1
50,16,18,46,Finance,122958,1
58,36,12,60,HR,185125,1
58,17,16,51,Sales,128196,1
28,5,12,54,Sales,74983,0
47,25,14,60,Finance,154736,1
47,16,14,37,HR,117909,1
54,15,14,43,HR,111505,1
41,7,14,39,IT,82752,1
50,23,18,54,HR,151175,1
53,12,18,50,Finance,109838,1
48,23,12,42,Sales,140513,1
53,15,16,55,IT,124053,1
25,2,14,50,Finance,65895,0
39,5,14,53,Finance,82009,1
24,2,18,50,IT,78913,0
55,34,18,52,HR,189011,1
37,0,14,49,IT,60708,0
48,17,16,58,Finance,133076,1
50,4,12,52,HR,78424,0
49,12,12,48,Sales,99070,1
26,1,12,58,IT,62790,0
55,25,12,50,Finance,147785,1
57,16,16,39,HR,116108,1
44,0,16,42,Finance,63472,0
49,24,16,50,HR,150677,1
51,1,18,55,HR,80527,1
55,9,14,35,IT,92446,1
53,19,16,45,Sales,133489,1
41,6,12,45,HR,76958,0
52,23,16,36,Finance,142697,1
43,15,14,56,HR,118183,1
53,28,18,53,Sales,172988,1
23,0,12,58,Finance,63806,0
38,15,18,39,HR,118800,1
45,19,16,37,HR,131671,1
51,25,12,60,IT,149968,1
23,2,12,57,Sales,68107,0
60,11,16,42,HR,107667,1
44,20,16,38,Sales,134697,1
52,9,14,47,HR,98325,1
42,21,16,59,Finance,142890,1
43,1,16,56,Sales,72986,0
22,0,16,48,Finance,64896,0
47,12,12,35,Sales,94972,1
22,0,14,39,Finance,61926,0
46,14,12,55,HR,113857,1
37,0,16,41,Finance,63861,0
60,25,14,57,Finance,155214,1
53,24,16,40,HR,145358,1
29,5,12,49,Sales,79450,0
59,5,12,49,Finance,78457,0
49,19,16,42,IT,132313,1
46,14,14,36,IT,111176,1
55,23,12,48,Finance,141505,1
45,20,16,50,Finance,134619,1
44,6,18,57,Finance,98972,1
33,8,16,44,Sales,88777,1
27,4,16,49,HR,80943,1
56,28,14,57,IT,166362,1
40,4,16,38,IT,72955,0
21,0,18,46,Sales,65651,0
28,5,16,44,Finance,87110,1
36,3,18,36,Finance,75940,0
34,5,12,38,HR,69812,0
32,1,16,54,HR,69430,0
43,2,14,40,IT,67419,0
35,0,16,48,HR,63765,0
48,17,18,57,IT,135138,1
54,23,18,37,Sales,142866,1
22,1,14,49,Finance,65116,0
52,12,18,60,Finance,118328,1
43,21,16,35,IT,140592,1
42,14,18,53,Finance,118226,1
45,4,16,59,Sales,81501,1
42,2,16,35,HR,70052,0
42,4,18,47,Sales,81134,1
26,4,14,42,Finance,77053,0
35,4,12,52,Sales,69584,0
57,2,14,56,Finance,70899,0
53,22,12,37,IT,133563,1
28,3,14,57,HR,71675,0
25,3,16,52,HR,74123,0
59,29,16,54,Finance,168597,1
24,1,18,60,Finance,79470,0
26,1,12,43,HR,63871,0
52,19,12,40,Sales,118611,1
50,3,18,54,Sales,87075,1
55,32,14,36,Sales,170880,1
60,25,18,60,HR,164481,1
36,15,14,59,IT,115275,1
33,7,18,38,Finance,90842,1
50,16,12,59,Finance,112971,1
39,7,12,52,HR,88415,1
37,6,14,41,IT,85719,1
39,7,12,45,HR,77189,0
48,20,12,39,Sales,129437,1
46,23,12,42,Sales,136114,1
57,30,12,45,Finance,165642,1
46,25,16,58,Finance,156843,1
43,11,18,54,Finance,110566,1
29,2,18,54,Finance,74968,0
32,9,16,49,Sales,98366,1
21,0,12,58,Sales,65602,0
21,0,18,37,IT,69689,0
54,11,18,41,Finance,106598,1
52,19,18,58,HR,135364,1
45,4,14,42,IT,72200,0
60,6,16,45,IT,82416,1
21,0,14,44,Sales,65844,0
36,3,14,54,Finance,75826,0
59,13,16,43,IT,112551,1
25,2,18,49,Finance,72765,0
42,6,14,60,Sales,91917,1
49,28,18,54,IT,174891,1
23,1,14,58,IT,65804,0
32,8,18,56,HR,102993,1
46,3,12,39,Sales,65771,0
36,15,12,49,HR,112916,1
57,9,12,38,Sales,90978,1
42,18,16,39,HR,128673,1
49,23,12,49,Sales,138008,1
34,0,14,51,Sales,65865,0
48,8,18,57,IT,103961,1
25,4,18,42,HR,79560,0
50,0,18,59,HR,71447,0
25,1,18,53,HR,70443,0
32,7,14,43,IT,84242,1
36,8,18,44,Finance,96905,1
46,6,14,39,Sales,77588,0
46,15,14,44,HR,112598,1
41,18,18,56,Sales,136683,1
59,38,18,35,IT,203411,1
56,5,18,59,Sales,86890,1
53,10,14,59,IT,102542,1
50,28,16,56,Finance,170101,1
57,11,14,58,HR,103458,1
43,9,16,38,IT,98606,1
30,4,18,55,Sales,89220,1
25,1,14,39,IT,67028,0
56,19,18,57,IT,137928,1
54,27,16,41,Finance,159112,1
51,23,16,57,HR,145226,1
30,4,14,39,IT,68769,0
39,4,14,54,IT,80749,1
52,28,14,42,Sales,159213,1
21,0,14,51,IT,62619,0
25,3,12,35,IT,65961,0
24,3,12,56,HR,70277,0
36,9,18,52,HR,105600,1
44,2,16,46,Sales,75859,0
36,12,16,37,IT,106884,1
22,1,18,54,IT,72334,0
48,21,18,48,IT,141443,1
52,1,18,50,Finance,76853,0
47,17,12,52,Finance,114868,1
40,8,18,44,Sales,97964,1
44,12,16,57,Finance,108703,1
32,6,18,49,Sales,87691,1
55,8,14,44,IT,94120,1
53,21,16,35,Finance,140721,1
53,4,16,53,HR,77388,0
57,11,16,36,Finance,104479,1
32,0,12,47,IT,57252,0
23,1,12,59,HR,60711,0
21,0,16,50,Sales,67697,0
53,18,14,42,IT,119334,1
60,15,16,37,HR,116278,1
30,2,12,55,Finance,65809,0
49,2,14,53,Sales,74462,0
33,6,16,48,Finance,87101,1
32,9,12,45,HR,85859,1
51,26,14,46,HR,155519,1
22,1,18,45,IT,68916,0
55,25,18,45,Sales,158909,1
43,12,16,56,Sales,113064,1
37,2,18,55,HR,81181,1
46,25,12,52,IT,144762,1
28,3,14,44,HR,71392,0
49,22,16,50,HR,148429,1
46,2,14,42,Sales,63935,0
30,6,14,40,Finance,81050,1
46,24,14,53,Finance,143661,1
54,26,12,47,Sales,146231,1
27,1,16,49,IT,70014,0
24,3,18,47,Sales,84740,1
31,10,14,35,IT,88801,1
49,19,14,55,Sales,133740,1
56,24,14,36,IT,141494,1
45,23,12,47,HR,136301,1
41,7,18,36,HR,95967,1
56,8,14,59,IT,97505,1
30,4,12,45,Sales,72714,0
57,29,12,47,HR,160244,1
29,4,14,44,Sales,75720,0
44,18,14,57,Finance,123768,1
55,15,12,56,HR,110428,1
55,23,12,49,Sales,140938,1
56,20,14,35,Sales,123717,1
38,3,12,48,Finance,72840,0
59,38,12,44,Sales,189420,1
52,14,14,52,IT,115992,1
44,5,14,45,HR,76621,0
43,4,16,41,IT,78439,0
52,13,18,49,Finance,111921,1
57,3,14,37,IT,73743,0
32,7,14,36,Sales,80181,1
33,7,14,56,Finance,85732,1
43,10,18,42,Finance,103781,1
45,16,16,42,IT,117920,1
55,20,12,45,Finance,129450,1
50,24,18,50,IT,159968,1
37,10,14,36,IT,95977,1
40,15,14,56,IT,121190,1
45,11,16,39,Finance,97821,1
42,12,16,41,Finance,101759,1
33,10,16,54,HR,107476,1
39,15,12,47,IT,112825,1
56,25,18,36,IT,157791,1
32,4,18,60,IT,92467,1
39,0,16,37,IT,67722,0
32,5,12,43,IT,77541,0
29,7,18,44,IT,94075,1
27,6,14,58,IT,84852,1
48,1,14,47,HR,67912,0
34,11,14,59,HR,105125,1
51,20,18,55,Sales,139321,1
39,13,16,47,IT,113031,1
36,15,14,39,IT,108188,1
25,2,16,57,HR,79505,0
55,8,12,41,HR,79831,0
32,9,14,51,IT,92717,1
45,16,12,49,IT,116585,1
41,11,16,39,HR,100819,1
56,5,18,58,HR,92464,1
43,18,16,41,Sales,125360,1
36,10,14,36,Sales,98600,1
59,28,14,58,IT,160924,1
59,5,16,52,HR,80789,1
34,10,14,44,Sales,92300,1
51,24,14,35,IT,145810,1
25,0,12,48,Sales,58701,0
55,23,18,53,Sales,156097,1
43,15,16,50,Sales,122317,1
49,19,12,53,Finance,123600,1
31,5,14,40,IT,81733,1
38,4,12,46,Sales,67296,0
32,4,18,37,IT,80274,1
29,3,16,41,IT,78050,0
30,1,18,58,HR,77430,0
37,5,18,37,IT,86569,1
58,27,12,59,Sales,152853,1
27,0,12,51,IT,61546,0
33,6,18,49,HR,96598,1
60,21,14,53,Finance,132643,1
29,2,16,53,Finance,72155,0
47,0,14,57,HR,67099,0
22,0,14,45,Sales,66366,0
25,3,16,55,Sales,80743,1
49,24,12,54,Sales,141892,1
57,14,14,36,IT,108873,1
58,17,12,41,Finance,119030,1
39,2,16,53,Sales,73147,0
28,1,14,41,Finance,65421,0
21,0,12,44,HR,53815,0
42,1,12,46,Finance,56319,0
37,9,14,57,Sales,91820,1
27,2,16,52,Finance,73371,0
45,23,18,57,HR,155921,1
24,2,12,40,Finance,64606,0
56,7,16,60,IT,97076,1
26,2,14,54,HR,74642,0
51,17,12,55,IT,122828,1
39,12,12,42,IT,94106,1
59,23,12,39,Sales,135941,1
47,18,16,37,Sales,130160,1
30,6,12,36,HR,75387,0
46,11,12,56,Sales,100738,1
39,16,14,40,Finance,117600,1
59,29,12,41,HR,162161,1
23,2,16,42,Sales,71957,0
33,11,14,38,Sales,93639,1
48,21,18,46,Finance,148282,1
40,11,14,58,IT,107515,1
48,27,12,46,Finance,150355,1
28,7,18,51,IT,95187,1
59,12,14,56,Sales,104003,1
21,0,12,56,IT,59722,0
23,0,14,53,IT,60857,0
33,11,16,43,Sales,103726,1
48,18,12,46,HR,117589,1
45,13,16,55,Finance,115401,1
53,6,12,51,Sales,75884,0
58,5,16,57,Finance,87778,1
26,2,18,44,Finance,74400,0
52,18,16,53,IT,127242,1
41,3,14,60,Sales,75690,0
36,2,12,60,HR,73400,0
41,8,14,45,Finance,89285,1
31,10,16,54,Finance,107557,1
57,35,12,56,HR,183056,1
56,28,16,58,Finance,168425,1
55,23,18,47,Sales,153055,1
39,15,18,38,HR,115962,1
40,4,18,49,Sales,88417,1
38,9,16,46,HR,96802,1
34,6,16,59,Finance,95274,1
35,12,18,58,HR,115381,1
51,28,16,60,Sales,169612,1
21,0,14,44,HR,61168,0
23,1,16,56,Finance,73366,0
36,13,14,41,IT,106200,1
43,6,18,58,Finance,95084,1
31,3,16,36,Finance,75138,0
32,5,18,55,IT,92353,1
30,6,12,41,HR,74287,0
52,4,16,42,Finance,77667,0
36,4,16,55,IT,82568,1
28,1,18,53,Sales,74504,0
58,22,18,40,IT,148877,1
32,11,18,55,Finance,113806,1
44,5,12,42,Sales,75754,0
48,26,12,59,Finance,151434,1
28,0,18,59,IT,75504,0
48,3,16,56,Sales,75541,0
56,34,16,54,Finance,185700,1
46,22,18,38,IT,149253,1
28,2,14,59,Sales,73430,0
48,27,12,54,Finance,155230,1
48,25,12,58,IT,147161,1
57,7,14,43,Finance,87664,1
56,15,18,39,Finance,119043,1
47,8,16,40,Finance,91825,1
37,2,16,53,HR,71881,0
29,4,12,46,Finance,67447,0
53,19,14,39,Sales,125123,1
40,13,16,39,IT,106182,1
33,11,12,52,IT,98355,1
48,25,16,60,HR,154519,1
49,14,16,40,HR,117014,1
33,5,16,43,HR,82074,1
55,4,12,45,Finance,74571,0
26,4,14,57,Finance,81080,1
38,15,18,48,Sales,120732,1
25,0,14,58,IT,69612,0
45,12,16,36,IT,109073,1
22,0,14,48,Finance,64502,0
30,5,16,59,IT,88191,1
50,10,12,53,Finance,94108,1
25,4,12,44,HR,69875,0
53,7,12,39,Finance,76979,0
21,0,16,57,Sales,68796,0
38,7,14,38,Finance,83437,1
52,31,18,41,Finance,180219,1
31,7,18,58,IT,93773,1
41,13,12,47,Finance,103366,1
46,12,18,44,Sales,109628,1
45,2,16,44,Finance,76683,0
42,3,14,38,Finance,70504,0
47,26,18,50,HR,166219,1
33,3,18,49,Finance,79749,0
53,14,14,55,Finance,116812,1
54,26,18,45,Finance,164433,1
55,27,14,53,Sales,157281,1
21,0,16,55,IT,73201,0
41,9,16,58,HR,105334,1
26,4,16,37,HR,76889,0
48,11,12,49,Finance,99645,1
37,13,16,50,Finance,111852,1
25,0,18,48,IT,72871,0
51,13,12,39,Finance,103259,1
25,0,12,60,Sales,62649,0
58,15,12,51,IT,116704,1
23,1,16,52,Finance,71108,0
43,6,12,53,IT,83217,1
57,14,16,35,HR,115285,1
57,23,16,59,Finance,146233,1
30,0,12,43,IT,52111,0
30,2,12,55,IT,68557,0
39,12,18,48,Finance,116997,1
37,8,12,54,IT,88708,1
41,14,16,55,Finance,117517,1
34,8,18,54,Finance,103322,1
29,2,18,55,Sales,82625,1
21,0,16,57,Sales,70579,0
33,7,12,45,IT,86113,1
24,0,12,58,IT,60462,0
21,0,14,36,IT,61148,0
60,15,12,54,HR,115642,1
52,7,14,58,Finance,92845,1
54,28,18,57,Finance,169338,1
48,22,18,59,HR,147193,1
51,12,18,39,HR,106277,1
28,6,14,56,IT,82397,1
59,13,16,58,Finance,112328,1
46,20,16,49,Sales,132012,1
54,29,18,46,Sales,172986,1
23,0,14,48,HR,61475,0
32,6,14,45,HR,77503,0
21,0,18,55,Finance,74561,0
25,2,12,43,Finance,67977,0
50,14,18,54,Sales,121418,1
50,15,14,42,Finance,108291,1
37,5,12,46,IT,72680,0
43,22,16,37,HR,136335,1
35,0,12,55,Sales,63262,0
57,17,16,49,Sales,129131,1
41,15,14,42,IT,110503,1
34,11,18,60,Finance,113521,1
22,1,18,41,Finance,74220,0
31,7,18,51,HR,97534,1
59,28,18,46,IT,171253,1
58,29,18,54,Sales,171069,1
54,25,14,52,IT,148567,1
58,21,14,52,Sales,136527,1
54,32,18,49,IT,178959,1
38,6,12,57,Finance,79154,0
50,14,18,37,Sales,111633,1
35,12,16,53,HR,107019,1
47,21,16,49,IT,136723,1
54,12,16,50,Finance,107457,1
58,8,16,56,Sales,94389,1
53,23,18,56,Finance,152719,1
44,14,16,51,IT,118392,1
35,3,12,35,HR,66744,0
50,12,18,45,HR,108440,1
37,11,16,40,IT,101236,1
25,4,18,57,Sales,82172,1
49,6,18,43,Finance,87787,1
24,3,18,54,Finance,83057,1
30,4,14,50,Sales,81179,1
37,8,16,60,IT,94345,1
30,9,14,40,Finance,96478,1
37,11,12,46,Finance,100523,1
40,3,12,53,IT,67406,0
44,19,14,47,Finance,133022,1
25,4,16,47,Sales,83702,1
54,16,18,38,Sales,120219,1
26,4,12,43,IT,72694,0
22,0,12,48,IT,60613,0
33,10,12,48,Sales,91492,1
31,0,16,51,IT,67589,0
43,19,14,39,Sales,123791,1
36,1,14,57,Sales,71183,0
51,3,16,53,Sales,75902,0
31,7,12,36,Finance,83153,1
36,4,16,47,IT,84521,1
28,0,16,45,Finance,70048,0
24,2,14,36,IT,63892,0
60,0,16,35,HR,64561,0
24,0,16,55,Finance,65173,0
45,2,12,37,Finance,66380,0
23,2,18,46,Finance,77802,0
52,14,12,41,HR,107608,1
23,2,14,35,IT,67159,0
47,21,18,43,HR,137899,1
49,15,12,52,IT,107425,1
52,9,16,58,IT,101933,1
39,5,16,60,IT,83387,1
41,16,18,54,IT,132387,1
25,4,18,40,IT,80673,1
38,16,16,43,HR,123835,1
48,20,14,57,Finance,131028,1
42,18,12,42,HR,119003,1
41,17,16,57,Finance,129026,1
26,2,12,52,Finance,69590,0
21,0,12,59,Sales,66546,0
25,1,12,49,Finance,57824,0
32,6,12,35,HR,74844,0
46,4,14,48,Sales,73771,0
54,20,14,52,IT,133299,1
34,1,14,53,IT,70650,0
46,2,16,53,Finance,75016,0
47,19,16,44,IT,132937,1
29,4,16,54,IT,86669,1
46,12,14,55,Sales,110378,1
42,18,12,40,HR,121627,1
50,11,14,51,IT,101410,1
37,4,16,48,IT,75932,0
46,5,18,47,HR,87097,1
56,6,16,42,Sales,84452,1
21,0,12,56,Sales,59204,0
28,1,14,44,IT,62468,0
55,7,18,43,Finance,91055,1
35,8,18,39,HR,92840,1
42,3,12,57,Sales,74324,0
34,4,14,38,IT,68973,0
46,20,18,40,Sales,134565,1
48,7,16,40,IT,93497,1
43,6,12,47,HR,74536,0
34,4,18,38,Finance,79989,0
44,2,12,56,HR,64198,0
22,0,14,42,Sales,65346,0
46,10,14,39,Sales,97391,1
34,8,14,36,Sales,85066,1
27,4,16,43,Finance,80308,1
23,0,18,45,HR,67997,0
43,9,14,54,IT,95656,1
38,14,16,54,HR,114174,1
58,27,14,45,HR,160058,1
55,13,14,41,Finance,110045,1
35,3,18,60,HR,84910,1
45,20,16,48,Sales,139142,1
57,19,14,60,Finance,130034,1
48,1,16,40,Sales,70073,0
30,0,16,38,Sales,66619,0
59,23,14,40,HR,138717,1
37,4,14,37,IT,70435,0
59,37,12,57,HR,190276,1
42,10,18,40,IT,104395,1
46,7,14,37,Finance,85929,1
45,6,12,35,Finance,72657,0
37,3,18,60,Finance,82191,1
33,5,14,55,Sales,83541,1
40,15,16,60,Sales,120842,1
45,19,18,52,Finance,134655,1
24,2,16,57,HR,71375,0
30,6,12,57,Sales,79836,0
23,0,14,38,Sales,63939,0
38,11,12,40,HR,92589,1
56,14,14,51,Sales,114878,1
42,12,14,52,HR,108568,1
54,20,16,40,IT,131172,1
28,6,12,36,HR,70952,0
60,13,16,46,IT,107904,1
39,9,16,46,Sales,99101,1
57,15,16,38,IT,118624,1
26,1,12,50,HR,59326,0
46,3,14,54,IT,78138,0
54,26,14,44,Finance,152709,1
26,4,12,59,HR,72070,0
57,8,14,44,HR,89522,1
53,6,12,41,IT,77428,0
42,20,12,48,Sales,129211,1
41,9,14,41,Sales,88491,1
26,3,18,46,HR,81974,1
26,4,16,45,HR,77890,0
24,0,12,51,IT,56698,0
50,10,12,45,HR,97362,1
31,8,18,55,HR,95536,1
50,27,12,37,Sales,146227,1
51,15,12,53,HR,109739,1
44,8,14,56,IT,93960,1
29,5,14,38,HR,73271,0
23,1,18,42,HR,67776,0
51,3,12,48,HR,68972,0
60,1,16,54,Finance,66952,0
57,2,14,58,HR,70264,0
56,20,16,48,IT,133016,1
44,5,16,50,Sales,81731,1
51,10,18,49,Sales,107133,1
26,4,18,46,Finance,79560,0
22,1,12,50,IT,60786,0
40,11,18,54,Sales,112001,1
48,4,14,53,Sales,79966,0
31,8,12,39,HR,85534,1
24,3,12,46,HR,63692,0
35,11,16,39,HR,105822,1
26,1,16,44,Finance,64696,0
50,17,16,60,HR,131648,1
58,18,12,51,IT,126583,1
22,0,18,49,Finance,66800,0
35,8,18,42,Sales,99893,1
31,3,18,42,Sales,83184,1
28,7,12,42,IT,78360,0
46,16,12,44,IT,118180,1
25,0,12,54,Sales,57380,0
26,1,12,47,IT,61916,0
46,8,12,50,IT,83780,1
24,0,18,43,IT,70333,0
39,4,12,50,HR,77471,0
40,14,18,44,Sales,117208,1
53,2,12,37,IT,64473,0
40,18,18,57,IT,134386,1
32,11,14,56,HR,102817,1
21,0,14,59,Sales,63328,0
46,2,18,48,Finance,72938,0
34,5,14,47,Sales,76380,0
58,3,14,38,Sales,71505,0
57,23,18,38,Sales,145248,1
31,10,12,40,HR,91407,1
56,10,12,58,Sales,98569,1
33,4,18,53,Finance,82860,1
23,0,16,45,IT,63591,0
53,8,16,42,Sales,94697,1
26,0,14,48,HR,60962,0
30,5,16,42,Sales,82181,1
25,0,14,48,Sales,62301,0
43,2,12,57,Finance,65404,0
30,9,18,41,Finance,97285,1
22,0,12,55,HR,63428,0
33,9,18,52,HR,106275,1
60,22,16,46,HR,138448,1
22,1,12,48,HR,64790,0
40,9,12,49,HR,89015,1
21,0,14,52,IT,64879,0
57,7,18,46,IT,99043,1
29,8,16,44,HR,97694,1
37,14,12,46,HR,104432,1
29,8,18,42,IT,99503,1
31,7,16,40,Finance,84768,1
35,8,12,58,IT,86173,1
44,9,18,53,HR,105420,1
58,19,14,35,Finance,123627,1
55,22,12,47,HR,131266,1
50,20,18,56,Sales,140348,1
51,20,16,50,Finance,133550,1
25,0,16,52,HR,64740,0
34,1,14,46,IT,65802,0
31,9,12,59,HR,94208,1
29,2,14,39,IT,68122,0
54,13,18,55,Finance,118846,1
32,7,16,47,IT,89120,1
55,11,14,60,Finance,107428,1
55,25,12,42,HR,146225,1
21,0,18,40,IT,71812,0
60,26,12,37,Finance,146507,1
42,14,14,59,Finance,112223,1
49,13,16,60,Finance,115267,1
28,4,16,54,Sales,85562,1
31,0,14,60,Finance,66644,0
57,27,12,38,HR,147319,1
34,8,12,46,HR,90408,1
50,2,12,47,HR,66177,0
55,17,12,36,Finance,116977,1
41,19,16,53,HR,130338,1
57,33,12,38,Finance,170830,1
25,4,14,57,Finance,80452,1
39,6,14,47,Finance,85043,1
34,7,14,53,Sales,91011,1
46,18,14,42,IT,126664,1
24,1,12,42,HR,58277,0
45,14,16,50,Sales,116351,1
45,9,18,60,HR,105600,1
38,0,12,45,Sales,56296,0
60,37,18,52,IT,198984,1
28,7,16,38,IT,92823,1
59,34,12,58,IT,176672,1
60,2,18,35,IT,74907,0
34,2,16,35,Finance,66252,0
52,9,18,48,HR,104570,1
58,26,14,38,HR,152830,1
53,14,14,45,HR,107191,1
43,10,16,52,Finance,107049,1
35,14,16,50,HR,119623,1
53,25,18,51,IT,158973,1
45,23,16,58,HR,148805,1
37,12,14,36,HR,101846,1
53,31,14,38,Sales,168980,1
22,0,12,37,Finance,56256,0
34,3,18,49,IT,83014,1
60,12,16,36,IT,106484,1
60,8,16,58,IT,94504,1
59,33,16,53,HR,183499,1
26,4,18,43,IT,87276,1
26,0,14,44,IT,56636,0
23,1,16,55,Sales,71325,0
27,3,16,59,HR,82208,1
28,4,14,53,Sales,81713,1
35,10,16,39,Finance,102526,1
49,11,12,48,HR,93893,1
53,13,14,44,Sales,104375,1
50,1,14,50,Finance,67361,0
59,33,14,40,Sales,172840,1
47,24,12,59,Finance,150301,1
56,3,14,42,IT,69916,0
49,19,18,36,IT,137320,1
58,25,18,52,HR,156381,1
53,15,18,55,Sales,127463,1
57,9,14,55,Sales,96822,1
47,12,14,55,Finance,110228,1
53,1,14,54,HR,72294,0
24,2,12,42,IT,67596,0
42,18,18,39,Sales,132382,1
22,1,16,51,Finance,74843,0
30,2,16,50,IT,77097,0
25,2,14,60,IT,68555,0
30,4,12,39,IT,72767,0
53,7,14,51,Finance,88141,1
58,13,16,38,Finance,108943,1
33,9,18,35,IT,100400,1
51,2,16,56,Finance,76829,0
56,28,18,40,IT,167818,1
44,14,18,35,IT,112594,1
35,6,12,58,IT,80878,1
49,22,16,38,Finance,138330,1
28,1,14,36,HR,65745,0
25,2,12,47,HR,63620,0
49,27,18,48,Finance,159958,1
24,1,16,51,Sales,69502,0
32,9,14,45,Finance,97913,1
22,0,12,37,Sales,52707,0
47,3,14,41,IT,70910,0
51,22,16,44,Sales,145656,1
56,1,14,45,IT,61707,0
56,2,12,44,HR,61493,0
46,6,14,42,IT,79084,0
47,22,16,39,Sales,138435,1
25,1,12,57,HR,63055,0
40,18,18,36,HR,125737,1
31,0,12,49,Finance,54577,0
30,2,16,50,Sales,77738,0
60,36,14,38,Sales,182862,1
58,22,18,56,Finance,149293,1
26,3,18,50,Finance,82635,1
28,4,14,46,HR,78781,0
43,12,16,48,Finance,105615,1
46,10,12,46,HR,93526,1
32,10,16,55,Sales,104447,1
46,15,18,50,Finance,126921,1
33,0,12,50,Sales,55427,0
60,27,12,56,HR,156587,1
38,3,14,46,IT,68999,0
45,21,16,36,IT,133445,1
53,21,12,57,Sales,137798,1
60,36,14,58,HR,193358,1
32,6,16,48,HR,86672,1
56,33,18,45,IT,189421,1
24,0,18,43,HR,65723,0
25,3,16,56,HR,78284,0
57,32,12,41,Sales,172122,1
28,3,12,46,IT,71761,0
48,1,18,51,HR,73571,0
51,26,18,43,Sales,155400,1
29,5,12,40,Finance,74106,0
49,16,16,46,IT,124739,1
34,9,18,54,Sales,104307,1
60,2,12,44,Finance,61950,0
42,6,16,43,HR,82212,1
31,7,14,46,HR,83453,1
43,19,16,35,Finance,128736,1
21,0,12,36,Sales,50408,0
57,11,16,53,HR,106504,1
41,2,12,35,HR,58163,0
46,16,18,50,Sales,125294,1
56,27,14,50,Sales,158424,1
43,8,18,52,Finance,96597,1
21,0,18,52,HR,72622,0
60,9,12,57,Sales,90785,1
35,5,12,60,IT,76031,0
41,5,12,47,Finance,74816,0
29,8,12,56,Finance,91184,1
29,0,18,46,Finance,68506,0
30,5,12,43,Finance,76659,0
46,11,12,39,IT,93702,1
55,12,18,43,Finance,114767,1
45,14,14,47,Finance,115946,1
46,21,14,50,Sales,136504,1
31,10,16,44,HR,98744,1
58,36,18,50,Finance,195818,1
22,1,12,48,Sales,64987,0
27,3,16,59,Sales,82282,1
38,1,14,36,HR,60743,0
47,25,14,59,Sales,153909,1
54,18,18,53,Sales,130947,1
47,7,12,45,Finance,86523,1
37,6,12,53,Finance,78560,0
44,0,16,45,Sales,68430,0
45,11,14,48,IT,102958,1
27,4,16,49,HR,81966,1
26,3,16,59,Sales,84155,1
44,4,16,41,Sales,81377,1
53,24,12,49,IT,141108,1
49,3,14,58,HR,77201,0
42,16,16,57,Sales,127594,1
46,23,14,59,Sales,142884,1
48,20,14,42,Finance,126469,1
41,1,16,38,Sales,67023,0
27,6,16,52,IT,92705,1
37,11,18,48,Sales,109775,1
40,0,12,55,HR,62712,0
40,11,14,52,HR,103827,1
42,11,16,38,IT,106722,1
48,11,16,36,Sales,96842,1
60,23,14,55,Sales,142203,1
27,1,16,40,Sales,65435,0
21,0,18,45,Sales,65251,0
52,27,14,35,Sales,150111,1
33,10,16,49,HR,105312,1
50,12,14,46,Finance,106076,1
43,7,16,58,HR,98578,1
39,9,16,52,Finance,99799,1
52,31,12,39,HR,159746,1
50,7,14,45,IT,85961,1
49,19,12,58,Sales,125457,1
49,7,16,55,Finance,89571,1
50,8,14,53,HR,93484,1
36,6,14,56,Finance,89445,1
60,13,18,35,Sales,109691,1
39,1,18,51,IT,76760,0
38,10,16,42,Sales,104549,1
21,0,16,57,HR,68874,0
34,7,16,50,HR,86559,1
22,0,16,60,Finance,74609,0
48,20,18,60,IT,145211,1
50,14,14,45,IT,106838,1
58,27,12,53,HR,158058,1
24,2,14,58,Finance,74401,0
21,0,14,45,Sales,64448,0
28,6,18,49,Sales,89171,1
49,13,14,42,HR,110011,1
59,14,14,48,HR,115827,1
23,1,16,35,Sales,69754,0
52,28,12,44,Sales,159374,1
30,2,14,41,Sales,66820,0
30,8,14,52,Finance,94701,1
39,3,12,46,IT,65030,0
54,2,16,36,HR,69139,0
53,4,18,52,HR,88479,1
43,2,18,55,Finance,82537,1
48,24,14,41,Sales,147100,1
52,14,16,54,Finance,115247,1
27,2,18,46,Sales,81349,1
49,1,18,54,HR,75925,0
28,3,18,59,IT,80985,1
21,0,18,48,Finance,67362,0
23,0,18,44,Sales,71446,0
44,21,14,43,HR,138780,1
43,16,18,57,IT,130065,1
28,5,14,49,Finance,77878,0
57,27,12,60,Finance,157605,1
23,2,12,54,HR,67507,0
53,9,16,58,Finance,99023,1
48,2,14,44,HR,66343,0
28,3,16,53,Finance,76200,0
54,24,12,53,IT,139223,1
55,21,12,46,IT,128502,1
52,15,12,57,Finance,114802,1
44,6,12,46,HR,81242,1
34,13,18,43,Sales,111194,1
52,20,12,54,Finance,127542,1
36,13,18,38,Sales,110945,1
24,3,18,35,HR,73307,0
57,30,16,50,Sales,168455,1
41,19,18,35,Finance,137154,1
34,9,16,47,IT,102509,1
51,10,18,37,HR,102491,1
38,0,18,46,IT,67339,0
27,4,12,57,IT,73718,0
30,4,14,43,IT,72278,0
27,5,18,38,Finance,88966,1
53,8,14,36,HR,84005,1
43,16,14,56,Sales,116939,1
41,14,14,56,IT,112391,1
39,6,18,43,Sales,89614,1
39,11,14,54,HR,102414,1
56,5,18,58,HR,95637,1
49,20,12,47,Sales,127767,1
38,15,18,48,Sales,126357,1
22,1,16,37,IT,69893,0
21,0,12,52,Sales,62454,0
25,4,14,43,Sales,77058,0
40,8,14,49,Finance,89673,1
31,7,16,56,IT,98026,1
22,1,12,58,IT,62169,0
23,2,16,44,HR,69683,0
43,9,14,59,Sales,93413,1
32,3,18,51,Finance,81535,1
40,19,14,47,HR,128029,1
25,1,16,35,Finance,70098,0
57,28,18,45,IT,172273,1
58,18,18,39,Sales,135496,1
50,14,14,43,Finance,110895,1
29,7,18,41,HR,88369,1
54,22,12,41,IT,136395,1
55,34,14,36,Finance,174345,1
42,20,14,53,Finance,129808,1
44,2,12,54,HR,66662,0
37,4,14,52,Finance,76683,0
30,0,16,44,IT,63540,0
50,5,16,59,Finance,89147,1
43,19,14,39,Sales,128239,1
52,19,12,50,Sales,127612,1
37,15,18,57,HR,123025,1
37,1,12,59,Sales,67355,0
34,3,16,39,Sales,78405,0
29,1,14,49,Finance,67870,0
60,0,12,56,IT,57672,0
22,1,18,50,IT,74409,0
45,18,18,38,Finance,133797,1
59,5,18,48,Sales,83715,1
29,6,18,58,Finance,89465,1
42,17,12,51,Sales,115851,1
24,1,18,51,Sales,69802,0
46,13,16,55,Sales,116426,1
49,7,18,50,IT,90824,1
54,23,16,60,HR,151634,1
43,19,12,43,IT,119004,1
57,13,16,36,Sales,108191,1
31,4,12,45,Finance,69082,0
26,0,18,49,Finance,68822,0
38,7,14,37,Sales,86576,1
41,1,16,58,HR,71014,0
56,15,16,50,IT,114846,1
58,6,14,55,IT,83943,1
54,15,12,53,Sales,109654,1
37,6,12,56,Sales,85102,1
57,26,18,40,HR,154022,1
45,13,16,48,IT,110716,1
58,13,12,39,HR,97907,1
32,11,18,39,IT,107915,1
43,0,12,40,HR,57053,0
42,0,14,52,HR,62415,0
41,11,14,56,HR,107238,1
47,19,14,52,Finance,125614,1
51,20,18,53,Finance,143187,1
26,3,16,36,Finance,71339,0
47,6,14,51,IT,85161,1
60,31,14,35,HR,164856,1
54,2,12,43,Sales,61241,0
32,6,14,47,Sales,86616,1
27,4,16,38,IT,78736,0
30,7,18,39,IT,90562,1
37,5,14,60,Sales,86306,1
46,15,18,57,HR,124090,1
41,7,18,52,Finance,93607,1
48,22,16,44,IT,145348,1
22,1,12,59,IT,65367,0
21,0,12,38,IT,53578,0
56,9,18,60,Sales,107931,1
46,15,14,60,Finance,116824,1
49,10,18,47,HR,109854,1
41,12,12,47,HR,96644,1
31,5,14,51,Sales,81651,1
60,23,12,42,IT,140817,1
31,0,16,38,Sales,64572,0
56,11,12,57,Sales,99233,1
59,26,14,37,HR,155041,1
60,37,14,45,Finance,192286,1
55,17,18,46,HR,133332,1
54,12,14,43,Sales,100165,1
44,20,16,49,Sales,140604,1
42,7,12,47,IT,85858,1
25,4,18,39,IT,85652,1
53,12,18,39,Sales,110987,1
56,33,14,53,HR,179660,1
40,3,16,45,IT,79656,0
39,1,18,43,Finance,71591,0
55,17,16,37,Finance,122499,1
37,4,16,52,Sales,78067,0
54,18,12,47,Finance,120952,1
29,1,12,59,Finance,66301,0
46,24,12,46,IT,144347,1
22,1,16,43,IT,66160,0
29,4,12,44,HR,72621,0
29,4,18,47,IT,80493,1
60,21,18,54,HR,144393,1
37,12,14,54,IT,106578,1
21,0,16,47,Sales,62799,0
45,22,12,60,HR,135120,1
60,16,18,56,Sales,129129,1
45,8,16,43,HR,89471,1
59,23,16,58,Finance,145628,1
55,13,12,44,HR,98315,1
23,1,16,53,HR,66770,0
57,7,12,40,HR,82267,1
50,22,12,41,HR,133638,1
58,36,12,49,HR,184642,1
54,18,16,56,Finance,135939,1
32,11,16,53,HR,102519,1
39,13,12,48,Sales,108547,1
57,29,16,50,HR,169831,1
37,6,12,48,HR,81419,1
30,9,14,59,Sales,94622,1
32,9,16,54,IT,102290,1
36,7,16,36,IT,91832,1
44,13,14,43,Finance,111110,1
39,13,14,37,HR,105425,1
28,2,14,40,HR,68760,0
51,13,12,39,IT,105102,1
41,20,12,48,HR,127970,1
37,7,18,49,Finance,90773,1
43,2,14,52,Sales,66107,0
57,27,18,51,HR,167535,1
36,12,12,43,Sales,96122,1
26,4,16,53,Finance,84588,1
28,6,14,57,IT,82394,1
45,17,16,59,Finance,134089,1
38,2,12,43,Finance,59687,0
45,12,14,50,Finance,104667,1
32,11,18,60,Finance,109733,1
35,14,18,40,Sales,120778,1
46,17,12,42,Finance,114750,1
46,4,16,59,Finance,81949,1
52,6,12,37,Finance,77171,0
30,9,16,56,Finance,99336,1
36,10,12,39,Sales,94447,1
27,2,18,41,Finance,72009,0
37,14,16,57,IT,118312,1
43,9,12,59,Finance,89710,1
46,14,14,35,Finance,108403,1
41,12,18,56,HR,117967,1
42,13,18,55,HR,120552,1
27,0,14,38,HR,57906,0
34,12,12,60,Finance,105078,1
35,9,16,50,IT,99932,1
27,0,18,48,IT,69033,0
29,0,12,35,HR,50961,0
28,0,14,38,HR,60314,0
43,14,16,44,Finance,115552,1
49,15,12,45,IT,107171,1
38,11,12,41,IT,97728,1
51,25,18,38,HR,158494,1
50,23,18,35,IT,150475,1
59,37,16,60,HR,201306,1
55,5,12,35,HR,73115,0
38,11,14,51,Sales,105232,1
59,24,14,44,Sales,144856,1
37,14,16,39,Finance,116592,1
34,3,12,41,HR,64470,0
51,23,18,59,Finance,153560,1
44,3,12,42,Sales,64648,0
55,29,18,36,IT,165626,1
54,33,14,43,Sales,174196,1
23,2,16,38,Sales,72446,0
57,30,16,46,Sales,168006,1
60,31,16,60,IT,178679,1
46,11,18,45,Sales,104610,1
43,6,14,39,HR,84379,1
59,8,14,46,HR,85264,1
35,14,16,55,Sales,116823,1
24,0,16,38,Finance,67257,0
49,7,18,47,Finance,95075,1
42,13,18,56,IT,122981,1
45,0,12,35,IT,56465,0
33,6,18,52,HR,88398,1
38,11,12,38,HR,91700,1
53,1,16,38,Sales,65140,0
36,12,14,42,Finance,100955,1
22,1,18,59,HR,76129,0
55,3,14,54,Finance,70559,0
54,19,18,40,IT,138055,1
50,17,18,38,IT,129588,1
33,2,12,38,Sales,62422,0
33,10,18,45,Sales,107084,1
38,13,16,43,HR,111802,1
52,29,14,48,Finance,168007,1
52,28,18,38,HR,162174,1
55,7,14,47,HR,84965,1
59,11,14,40,Finance,101514,1
49,8,14,47,HR,93442,1
49,5,18,59,Sales,93625,1
36,9,12,37,Finance,84621,1
30,1,14,57,Finance,67837,0
50,1,14,41,HR,65194,0
45,22,18,35,Finance,142317,1
59,13,18,45,Sales,119262,1
40,5,16,36,Sales,76060,0
25,1,16,39,IT,66651,0
21,0,12,58,IT,61027,0
50,7,12,56,IT,83039,1
23,1,12,48,IT,64339,0
34,0,12,47,HR,58648,0
50,24,14,50,IT,148791,1
24,0,18,57,IT,76016,0
38,11,16,49,IT,107045,1
57,12,14,37,IT,102967,1
45,18,18,40,HR,135108,1
21,0,18,43,IT,67843,0
35,11,14,37,Finance,96060,1
29,8,14,47,Sales,86592,1
35,14,16,47,Finance,113721,1
44,4,12,56,HR,78718,0
24,0,12,41,HR,61101,0
32,8,16,39,HR,91718,1
57,22,16,60,Sales,150162,1
57,13,12,42,IT,103850,1
26,5,14,42,HR,77941,0
59,24,12,56,IT,148931,1
44,22,18,41,HR,147768,1
31,10,18,53,Sales,101987,1
33,11,16,41,Finance,98362,1
54,12,12,57,Finance,99368,1
45,3,12,38,Sales,70582,0
27,6,18,44,IT,90761,1
24,1,12,47,HR,62645,0
28,5,16,38,Finance,85664,1
40,5,16,53,Sales,85054,1
49,17,18,44,IT,126871,1
30,3,12,41,Finance,69312,0
54,7,12,39,Sales,83052,1
46,7,18,37,HR,89400,1
23,0,14,56,Sales,66646,0
26,1,14,56,IT,68338,0
25,3,12,56,Finance,75749,0
25,3,16,36,HR,73188,0
43,2,14,45,IT,68280,0
29,5,12,44,Sales,70843,0
55,22,14,57,Finance,143803,1
40,7,18,47,Finance,90347,1
55,21,14,41,IT,135894,1
38,4,14,44,HR,76645,0
37,12,18,38,IT,107888,1
44,19,16,56,Finance,139637,1
23,0,12,54,Finance,57304,0
52,15,16,50,Finance,118356,1
55,28,16,54,HR,166319,1
58,22,14,40,Finance,137258,1
33,7,12,43,Finance,79168,0
45,1,14,47,IT,64659,0
29,6,18,41,Finance,86108,1
24,1,16,52,Sales,71580,0
34,4,16,48,IT,75809,0
57,3,18,56,Finance,78945,0
54,33,12,39,IT,167751,1
31,9,16,56,IT,100662,1
23,1,16,47,Sales,65713,0
48,4,12,58,IT,73987,0
49,17,14,42,IT,115161,1
29,6,18,49,HR,96127,1
23,1,12,53,Finance,60127,0
45,14,18,43,HR,117492,1
54,30,18,40,Finance,176168,1
32,10,16,57,IT,102066,1
29,8,12,59,Finance,88060,1
35,10,18,48,IT,106062,1
60,24,14,57,Finance,152170,1
45,24,18,44,IT,157804,1
25,4,16,43,Finance,83825,1
31,0,14,51,Finance,65000,0
54,20,14,47,Finance,130730,1
44,8,12,51,IT,86169,1
35,6,14,53,Finance,85100,1
58,37,12,47,IT,184639,1
28,5,12,43,HR,76854,0
25,2,14,35,Finance,61807,0
46,22,12,35,Sales,133134,1
38,16,12,39,Sales,108424,1
26,3,14,42,IT,71770,0
57,28,16,52,Sales,165290,1
33,0,18,38,IT,64855,0
48,21,12,56,IT,130241,1
25,4,12,35,Sales,70592,0
33,3,14,49,Sales,73495,0
37,0,18,54,HR,74888,0
60,35,18,38,IT,187961,1
52,27,12,59,Sales,160676,1
49,21,14,43,HR,137987,1
23,0,16,56,HR,67563,0
60,6,18,58,IT,97094,1
54,7,16,60,Finance,98782,1
60,27,14,54,Sales,156588,1
47,12,16,44,Sales,112114,1
33,10,14,58,Sales,99843,1
53,8,12,49,Sales,85706,1
26,0,16,37,Sales,59186,0
44,23,12,36,Sales,136799,1
39,15,12,56,HR,109604,1
36,9,14,39,IT,92710,1
60,10,16,58,HR,100414,1
48,11,18,35,Sales,108412,1
53,30,16,45,IT,171348,1
33,2,18,46,Sales,81118,1
45,11,12,60,IT,104164,1
56,31,12,37,HR,163720,1
47,17,14,57,IT,120015,1
58,16,18,50,HR,123868,1
27,2,16,60,Sales,76112,0
25,0,14,48,IT,58933,0
51,28,14,46,Finance,162722,1
43,18,14,54,Finance,123662,1
30,3,16,60,HR,83198,1
52,22,14,50,HR,136865,1
50,27,16,55,HR,162009,1
59,15,14,42,HR,118028,1
51,30,18,51,Sales,179273,1
38,11,12,51,Finance,100510,1
56,20,18,41,HR,141963,1
22,0,18,49,IT,68877,0
34,0,14,43,IT,58765,0
33,7,18,38,Sales,90097,1
49,12,18,42,HR,108061,1
32,3,18,44,IT,82482,1
59,31,14,49,HR,169781,1
22,0,16,57,IT,72792,0
52,17,12,52,Sales,122094,1
33,11,12,48,IT,92020,1
47,16,16,39,HR,116475,1
37,14,16,43,HR,109506,1
60,33,18,47,Sales,188729,1
51,5,12,59,Finance,81575,1
54,16,16,53,HR,119719,1
44,15,18,45,Finance,117783,1
55,19,12,46,HR,121146,1
26,0,14,37,Sales,61660,0
39,4,14,36,IT,68191,0
50,22,12,57,Finance,140980,1
27,0,12,56,IT,56932,0
30,5,14,49,Sales,79645,0
52,23,14,39,Sales,140518,1
54,13,12,41,Sales,102362,1
48,16,18,38,HR,122839,1
35,8,16,39,HR,87376,1
50,18,16,59,HR,133951,1
57,32,12,50,HR,166594,1
49,0,16,49,Finance,65024,0
42,12,14,50,Sales,106168,1
24,1,14,59,Finance,70626,0
40,5,16,38,HR,83630,1
52,26,12,40,IT,144934,1
56,5,14,52,Finance,81133,1
24,0,18,37,IT,68863,0
47,13,18,59,HR,120286,1
37,2,14,56,Finance,71133,0
32,6,14,58,Finance,82239,1
42,9,16,39,Finance,92710,1
37,3,12,36,IT,64987,0
30,3,16,57,HR,77487,0
21,0,12,50,Sales,57043,0
42,18,18,40,Sales,127631,1
46,9,18,49,HR,98605,1
38,1,12,52,Finance,65732,0
34,3,16,40,Sales,75615,0
49,23,14,47,Finance,144095,1
32,5,12,58,HR,76389,0
56,6,16,47,IT,86590,1
55,6,18,35,Finance,82505,1
32,1,14,50,IT,64081,0
27,3,18,38,IT,81311,1
49,25,12,51,HR,150003,1
31,9,18,52,HR,100942,1
53,18,18,50,IT,134504,1
26,0,12,35,IT,56347,0
35,12,14,40,Sales,105649,1
52,19,12,45,Sales,127358,1
31,9,16,40,HR,97783,1
43,12,12,51,Finance,98273,1
46,17,12,38,IT,112095,1
54,15,14,48,Finance,117474,1
54,16,16,48,IT,125543,1
49,21,18,54,HR,148252,1
24,0,18,42,Finance,67428,0
37,11,18,56,HR,111385,1
55,9,18,36,IT,98037,1
33,0,14,39,HR,54939,0
59,31,16,38,Finance,176008,1
35,13,14,44,Sales,104652,1
49,7,12,54,HR,80555,1
49,20,16,58,Finance,137638,1
31,5,16,55,HR,81553,1
52,17,18,37,HR,129734,1
22,1,18,50,Sales,78920,0
34,11,18,44,Finance,111086,1
40,8,18,49,Finance,101038,1
42,2,12,38,Finance,63394,0
31,5,18,35,IT,88617,1
47,25,14,56,HR,149993,1
23,0,16,49,Sales,63671,0
37,3,12,44,Finance,68102,0
48,25,12,54,Sales,151391,1
49,1,16,56,IT,71414,0
41,7,16,52,IT,90873,1
36,9,16,50,Sales,97147,1
57,13,12,55,Finance,108909,1
40,7,14,43,Sales,83266,1
26,0,14,58,Finance,61086,0
39,17,16,53,Finance,124467,1
25,2,12,51,IT,67207,0
23,2,18,44,Sales,71647,0
21,0,12,53,IT,64858,0
58,14,16,42,HR,117916,1
35,4,12,53,IT,69193,0
54,23,12,39,Finance,135360,1
55,27,12,36,Sales,146846,1
45,15,18,49,HR,126467,1
44,15,16,51,HR,121844,1
32,7,16,44,HR,88475,1
38,6,16,55,HR,93991,1
35,5,14,55,Sales,81178,1
36,1,14,56,Finance,66834,0
47,21,16,36,HR,133353,1
28,4,12,43,Finance,73012,0
45,11,12,36,IT,89999,1
37,14,16,52,Finance,114118,1
49,26,18,46,HR,165729,1
28,0,18,49,IT,71268,0
35,14,12,55,IT,111332,1
47,1,12,59,IT,68761,0
27,0,14,54,HR,62939,0
23,2,18,40,Finance,74373,0
49,28,12,52,Sales,152939,1
44,4,12,47,Finance,69962,0
23,2,16,38,HR,66013,0
40,18,14,46,HR,120903,1
35,7,18,43,IT,97384,1
45,6,18,36,Finance,89546,1
50,1,14,50,HR,69758,0
34,11,12,35,HR,92511,1
27,6,18,38,Sales,90712,1
37,14,18,49,Finance,120105,1
40,0,18,54,IT,67770,0
56,12,16,35,IT,108231,1
29,6,14,54,IT,85556,1
58,37,18,49,Finance,195316,1
42,12,14,37,HR,103324,1
22,1,12,47,HR,59631,0
44,2,14,52,Sales,69056,0
28,0,16,47,Sales,64151,0
31,9,16,44,HR,101526,1
33,12,14,54,HR,109633,1
37,4,16,58,Finance,87056,1
28,0,18,41,Sales,71107,0
41,12,16,59,IT,114002,1
38,4,12,42,IT,67478,0
50,27,14,35,IT,152881,1
38,17,14,52,IT,122736,1
51,20,12,46,HR,125334,1
58,9,12,52,HR,89909,1
52,23,12,58,Finance,145663,1
31,7,12,46,IT,82905,1
45,14,18,54,HR,123933,1
53,20,16,43,HR,133541,1
58,24,16,36,HR,142456,1
28,3,18,48,IT,79051,0
31,8,12,38,HR,87540,1
42,21,14,49,Sales,135310,1
44,3,14,51,IT,76007,0
37,1,14,53,IT,62706,0
32,7,12,40,Sales,84396,1
52,5,18,43,Finance,85892,1
35,11,18,51,Finance,113669,1
36,14,18,49,IT,123102,1
42,2,16,39,IT,70194,0
48,6,16,52,IT,84996,1
40,9,16,57,Sales,99060,1
53,22,16,38,HR,139753,1
30,5,14,55,Sales,79162,0
60,15,14,58,HR,120576,1
52,1,18,36,HR,69844,0
53,23,16,53,Finance,146548,1
22,0,18,39,Sales,63527,0
53,0,12,60,Sales,59655,0
53,5,16,38,IT,82611,1
33,4,16,39,Sales,81391,1
50,24,18,53,HR,160153,1
53,28,18,47,HR,170964,1
33,11,12,50,Sales,100025,1
46,6,18,46,Finance,90970,1
42,14,16,43,Finance,112396,1
59,2,14,58,IT,73494,0
22,1,12,50,IT,61722,0
58,0,12,48,HR,62718,0
59,26,16,56,Sales,156789,1
46,15,14,35,HR,112579,1
35,7,18,54,HR,97204,1
54,18,18,57,Sales,135280,1
60,7,14,60,HR,86882,1
31,6,14,55,HR,84667,1
23,2,16,38,Finance,68566,0
26,1,18,43,IT,70035,0
29,0,16,58,Finance,69945,0
26,4,18,53,IT,90121,1
29,0,18,48,IT,70609,0
59,37,14,56,IT,199110,1
51,12,16,46,Finance,112227,1
52,10,14,38,Sales,94782,1
32,9,16,41,HR,94783,1
28,7,18,51,Sales,92205,1
28,2,12,35,Sales,64237,0
48,25,12,48,IT,147100,1
40,19,16,49,IT,133942,1
27,0,16,46,Finance,67511,0
31,0,14,46,Finance,66539,0
40,3,18,40,HR,75384,0
36,4,12,60,Sales,76172,0
24,3,14,47,Sales,69784,0
26,5,16,50,HR,85817,1
42,19,18,48,IT,138903,1
46,9,14,41,Finance,95210,1
23,1,14,59,HR,71630,0
34,11,16,50,Sales,104850,1
31,0,18,57,HR,77103,0
38,10,12,43,HR,95361,1
32,9,14,60,Sales,98867,1
43,22,16,48,Sales,143099,1
32,1,14,59,Finance,73578,0
33,12,16,58,Finance,108133,1
45,17,16,41,Sales,121767,1
39,7,16,46,Finance,85372,1
56,9,18,37,Finance,98593,1
28,1,12,48,Finance,63017,0
49,9,18,53,Sales,106285,1
52,4,12,45,IT,71542,0
38,9,16,39,IT,98261,1
26,1,12,57,Finance,60230,0
38,5,18,47,IT,88203,1
39,2,14,44,Finance,64077,0
42,7,18,41,IT,96748,1
57,30,18,51,IT,175593,1
52,29,18,50,HR,177142,1
23,0,18,42,Finance,66140,0
48,4,18,51,IT,80381,1
30,1,12,47,IT,57931,0
55,1,12,45,HR,65914,0
49,6,14,54,IT,88155,1
35,0,18,52,HR,66956,0
53,19,18,39,IT,138711,1
27,0,14,40,HR,55579,0
32,3,14,54,HR,70345,0
50,12,16,48,Sales,109663,1
41,11,14,46,Finance,103799,1
51,10,14,38,Sales,89633,1
44,9,14,41,Finance,87834,1
40,14,16,45,IT,115517,1
57,4,12,54,Finance,74321,0
24,0,16,36,Sales,59535,0
48,16,12,38,Finance,110677,1
40,4,14,41,Sales,70241,0
44,1,16,35,Finance,61349,0
52,8,16,49,IT,91105,1
56,5,12,54,IT,80164,1
54,17,16,56,Finance,124845,1
56,13,16,58,Finance,114220,1
22,0,18,42,IT,73543,0
35,13,12,59,Finance,103946,1
54,16,16,39,HR,122596,1
56,34,16,48,IT,181754,1
26,4,14,52,IT,79930,0
59,16,18,37,Sales,122388,1
32,10,18,36,Sales,106160,1
23,2,14,59,HR,72466,0
38,7,14,56,Finance,90257,1
60,0,14,50,HR,64835,0
41,12,14,48,Finance,101985,1
35,4,18,50,Sales,84707,1
53,6,16,45,Finance,82400,1
55,4,16,51,Sales,79641,0
46,23,14,37,IT,142294,1
28,3,12,57,IT,66727,0
56,16,14,57,Finance,117775,1
50,4,16,39,Sales,74477,0
43,19,12,37,HR,121765,1
34,2,14,49,Sales,73125,0
34,4,12,57,Sales,70683,0
22,1,14,39,Sales,59666,0
57,14,18,56,IT,125494,1
25,2,16,37,Sales,71850,0
58,7,14,40,Finance,80655,1
34,12,12,57,IT,107791,1
59,2,16,48,IT,76360,0
45,0,14,58,IT,61335,0
40,8,14,36,Sales,82155,1
22,0,14,52,HR,60594,0
59,25,14,40,Sales,147656,1
26,0,18,58,Sales,74681,0
37,1,16,39,HR,71837,0
45,8,18,48,Sales,100809,1
48,23,16,51,Finance,148164,1
22,0,14,45,HR,60474,0
55,12,16,35,Finance,102004,1
57,4,12,44,Finance,68346,0
25,0,16,43,IT,67569,0
21,0,12,54,IT,62504,0
60,12,12,46,HR,96010,1
32,0,18,60,Sales,75179,0
56,24,16,35,Finance,150321,1
43,14,14,58,Sales,114282,1
51,3,16,52,Finance,79924,0
31,3,18,46,IT,81498,1
30,3,12,36,IT,69986,0
23,1,12,35,IT,54107,0
34,11,18,35,HR,104986,1
36,8,18,59,Finance,100134,1
30,5,16,35,Sales,83023,1
49,26,12,56,Finance,149615,1
30,7,18,46,Sales,96361,1
32,11,16,41,Sales,99835,1
50,29,16,38,Sales,166707,1
21,0,14,55,Finance,66473,0
25,3,12,54,IT,65869,0
40,15,16,38,HR,119723,1
28,2,18,60,HR,84996,1
32,0,12,49,IT,58715,0
21,0,18,35,HR,68397,0
40,9,18,40,Sales,97534,1
48,14,16,48,HR,114880,1
57,6,16,60,Finance,89412,1
57,35,14,48,IT,184888,1
32,7,18,44,IT,95830,1
57,13,16,41,IT,108669,1
48,2,14,57,IT,73199,0
35,0,12,58,Finance,57191,0
26,4,14,57,Sales,77941,0
40,13,14,56,Sales,108656,1
34,1,18,46,Sales,75822,0
22,0,12,58,HR,61325,0
29,5,18,53,Sales,89474,1
57,18,18,43,HR,133600,1
40,2,14,37,Finance,63194,0
46,11,14,38,HR,99150,1
49,21,16,47,Sales,143407,1
21,0,14,44,IT,61452,0
55,4,16,48,Finance,82403,1
26,1,18,40,Sales,70796,0
57,32,14,42,Sales,169901,1
25,4,12,53,Sales,74169,0
53,31,12,44,Finance,170464,1
34,10,18,56,IT,103304,1
32,5,18,39,IT,82145,1
40,2,14,39,IT,63561,0
44,18,16,39,Sales,125422,1
54,5,14,43,HR,77083,0
45,7,16,57,Sales,89003,1
49,21,14,43,IT,133731,1
59,34,12,49,Finance,182511,1
51,3,12,43,HR,65306,0
43,0,16,48,HR,66128,0
58,12,14,40,Sales,104709,1
40,3,18,56,Finance,79869,0
43,21,16,54,HR,136839,1
36,10,12,42,IT,91283,1
28,2,16,36,Sales,71530,0
41,10,14,39,Sales,94762,1
21,0,18,51,IT,70965,0
28,3,18,44,IT,76872,0
49,10,16,48,IT,102479,1
52,5,14,52,HR,79520,0
58,11,14,35,Finance,98277,1
25,2,18,56,HR,76049,0
42,8,12,36,Finance,83864,1
54,24,14,38,Sales,141097,1
21,0,18,47,Finance,67853,0
46,9,18,50,IT,102434,1
30,2,14,39,HR,68165,0
50,2,14,57,IT,70984,0
38,15,16,44,Sales,119954,1
37,2,12,51,HR,61394,0
46,9,16,45,HR,96291,1
28,7,16,39,IT,88980,1
60,39,18,49,HR,207283,1
32,5,18,38,IT,89767,1
47,19,12,41,Finance,126004,1
28,2,16,44,Sales,69501,0
45,20,16,57,IT,138183,1
24,3,18,58,Sales,85019,1
53,12,18,38,HR,110624,1
21,0,14,54,Sales,59572,0
39,2,16,60,Sales,76489,0
51,14,12,39,Sales,105551,1
36,5,16,39,HR,82228,1
34,11,18,45,Finance,111609,1
25,4,14,53,Finance,73716,0
46,13,16,39,Finance,114195,1
48,17,12,55,IT,118612,1
22,0,18,42,IT,71347,0
26,3,14,41,HR,72150,0
29,4,16,42,Finance,81039,1
53,20,12,47,Sales,124432,1
45,13,18,39,Finance,114561,1
33,8,12,52,IT,83355,1
29,7,16,58,HR,92425,1
33,11,18,43,Finance,104196,1
51,27,16,36,IT,155359,1
31,6,14,50,IT,81177,1
24,2,16,48,Sales,70450,0
54,28,14,51,Finance,158289,1
58,29,16,40,Sales,168018,1
24,2,12,37,Finance,65846,0
58,25,12,51,HR,147609,1
39,5,18,47,Finance,88213,1
26,2,12,40,Sales,66457,0
54,26,12,42,Sales,151714,1
38,7,14,59,IT,93925,1
33,5,12,40,Finance,74476,0
43,19,14,50,Finance,126193,1
39,14,14,40,HR,106051,1
31,10,14,51,IT,96220,1
21,0,16,55,Sales,68345,0
44,2,14,37,Finance,65267,0
27,1,16,57,IT,73831,0
45,14,14,46,HR,110423,1
41,15,16,59,IT,126277,1
35,0,18,40,Finance,69746,0
21,0,18,55,Finance,73639,0
32,2,16,41,HR,67758,0
27,2,18,45,HR,75295,0
35,4,12,43,HR,69310,0
41,4,14,50,Sales,76024,0
39,13,16,39,IT,110469,1
49,17,18,49,IT,125762,1
45,7,18,55,IT,98092,1
53,4,12,60,Sales,77992,0
52,6,14,38,IT,82408,1
55,15,12,39,HR,110996,1
58,13,16,41,IT,110459,1
46,4,18,37,Sales,82184,1
31,7,18,38,Sales,89871,1
55,3,18,59,IT,79544,0
28,3,12,49,Sales,70811,0
34,7,12,36,Sales,81424,1
30,0,14,58,IT,66684,0
22,0,16,59,Sales,67416,0
29,3,14,39,Sales,75064,0
23,1,14,41,IT,64460,0
41,15,18,56,HR,127532,1
46,3,12,51,HR,69693,0
28,5,16,42,Sales,78219,0
22,0,14,43,Finance,58162,0
26,5,16,44,Finance,78442,0
48,24,18,45,IT,153501,1
49,15,14,35,IT,111303,1
46,9,12,49,HR,92530,1
45,8,14,42,Finance,84382,1
32,3,18,53,IT,77496,0
25,4,14,46,Finance,79578,0
54,13,18,40,Finance,115161,1
57,3,14,44,Sales,71611,0
35,11,16,58,Sales,105138,1
56,35,12,39,Finance,182308,1
35,1,18,58,HR,75249,0
43,12,16,41,IT,103788,1
26,4,18,41,IT,81093,1
41,13,14,57,HR,113417,1
43,17,18,59,Sales,131037,1
36,0,18,56,Sales,70186,0
35,4,12,56,HR,77196,0
45,15,16,43,HR,114241,1
56,14,14,49,Sales,116094,1
31,5,12,40,Finance,73866,0
35,8,18,50,Sales,102064,1
24,0,12,41,Finance,56069,0
41,5,18,49,IT,92121,1
33,5,14,57,IT,77916,0
42,2,18,36,Finance,76253,0
39,15,12,42,Finance,104175,1
54,11,12,46,Sales,96369,1
34,3,18,45,HR,75203,0
24,0,16,40,Finance,66895,0
47,3,12,54,IT,72267,0
49,0,16,47,Sales,68560,0
48,20,16,57,IT,137875,1
55,26,16,50,Sales,161078,1
28,2,16,42,HR,73524,0
36,7,12,51,HR,86380,1
56,31,12,60,IT,171058,1
50,25,16,47,Finance,152955,1
38,1,12,38,Finance,56951,0
22,1,16,54,IT,69363,0
33,5,16,44,Finance,86323,1
24,0,16,59,Finance,72084,0
46,6,18,56,IT,91962,1
45,10,14,54,IT,102589,1
50,3,12,50,HR,69578,0
31,4,12,51,IT,68338,0
27,5,16,42,HR,86020,1
51,10,18,45,HR,102665,1
30,0,18,59,Sales,73479,0
59,24,12,39,Finance,140886,1
33,9,16,55,IT,97124,1
51,19,12,60,Finance,130899,1
27,4,16,50,Sales,80134,1
56,16,16,58,IT,126694,1
40,7,14,42,IT,83871,1
24,2,16,55,Sales,76038,0
27,4,14,50,Finance,75257,0
21,0,12,38,HR,56861,0
33,10,12,40,Sales,91388,1
42,19,18,60,Sales,143400,1
41,17,14,55,IT,120244,1
42,21,12,42,HR,125757,1
48,15,14,43,Sales,110099,1
29,1,12,47,Finance,61056,0
46,4,14,51,Sales,78368,0
29,1,14,43,Finance,67447,0
35,2,16,47,IT,78091,0
30,5,12,43,Sales,75363,0
44,16,18,40,Finance,125235,1
28,7,16,44,IT,89235,1
44,5,18,39,IT,87473,1
36,2,14,41,IT,64276,0
46,6,16,45,Sales,89437,1
47,17,14,58,IT,123569,1
57,13,12,43,IT,101592,1
24,1,12,59,Finance,61137,0
44,7,18,44,IT,94296,1
39,14,12,45,Sales,102789,1
56,32,18,37,HR,178770,1
59,26,14,42,IT,148750,1
30,8,16,51,Sales,97721,1
45,4,12,41,IT,74004,0
38,4,14,46,Sales,72316,0
39,5,16,50,IT,80904,1
56,1,14,49,Finance,65692,0
30,5,18,55,HR,91170,1
53,3,14,47,HR,69953,0
25,4,18,52,Sales,81180,1
55,24,18,52,Sales,153929,1
54,8,12,58,HR,92693,1
53,2,18,39,Finance,74250,0
41,15,18,48,Finance,120863,1
37,10,14,45,IT,91798,1
42,3,18,37,Finance,76716,0
57,31,18,51,HR,174844,1
35,0,14,57,HR,67747,0
55,15,16,46,Finance,115843,1
48,18,12,37,Finance,116959,1
27,2,14,57,HR,71878,0
52,25,18,36,HR,153694,1
31,7,14,38,HR,82452,1
30,6,16,52,HR,86755,1
29,0,14,54,HR,59487,0
34,9,14,55,Finance,94705,1
33,11,14,48,Finance,96416,1
45,20,14,42,IT,127801,1
22,1,18,36,IT,71877,0
55,8,14,60,Sales,97102,1
27,3,16,53,IT,77058,0
41,11,14,44,Finance,101622,1
38,7,14,39,IT,83486,1
23,1,18,45,IT,71936,0
59,26,18,43,Finance,164261,1
31,6,14,50,HR,79990,0
59,18,18,60,Finance,136971,1
44,5,18,39,Finance,87921,1
39,18,14,49,Sales,122551,1
24,1,18,48,Sales,77089,0
46,14,12,43,Sales,103609,1
58,1,12,54,HR,62707,0
52,13,12,60,IT,105121,1
59,31,18,39,Sales,173378,1
56,31,12,49,Finance,163038,1
60,27,16,43,Sales,164147,1
57,12,12,38,Finance,101814,1
53,11,16,55,HR,106934,1
56,7,18,55,Sales,101625,1
23,2,12,38,Finance,65504,0
29,2,16,54,IT,77538,0
28,5,18,55,HR,86168,1
53,26,12,56,Finance,154148,1
26,1,14,41,IT,59747,0
59,35,12,49,IT,176360,1
24,2,12,56,Finance,65427,0
33,0,12,51,Sales,56835,0
22,0,14,52,IT,60872,0
25,2,16,41,HR,69763,0
47,8,16,53,IT,95704,1
52,22,14,44,Sales,133360,1
41,6,12,47,HR,75884,0
28,0,12,36,HR,56398,0
58,6,12,56,HR,79982,0
28,1,16,54,Finance,70324,0
23,2,16,45,IT,76458,0
23,2,14,39,Sales,63727,0
42,7,18,40,Finance,95876,1
26,2,14,37,Finance,62996,0
22,0,16,35,HR,59904,0
43,9,12,37,Finance,84139,1
22,1,12,37,IT,54332,0
58,6,12,56,Finance,86613,1
37,4,12,38,Finance,64977,0
55,30,18,41,HR,170461,1
54,22,14,49,HR,143269,1
43,21,14,45,Finance,133848,1
50,6,16,52,HR,84908,1
28,0,14,46,Sales,57641,0
42,21,18,38,Sales,138071,1
56,3,18,58,Sales,87247,1
25,2,18,45,Finance,77753,0
33,9,12,40,IT,92394,1
49,2,16,60,IT,75385,0
51,26,18,53,HR,162721,1
36,2,14,60,IT,73813,0
50,27,14,52,IT,154513,1
36,14,14,49,Finance,106744,1
32,0,18,37,HR,63786,0
37,9,18,51,IT,103036,1
36,0,14,35,Sales,60125,0
32,5,18,36,HR,82025,1
28,5,14,53,HR,86015,1
40,16,12,43,HR,115909,1
23,0,18,42,Sales,67614,0
36,3,12,46,IT,69080,0
50,20,12,49,Sales,128295,1
43,22,18,59,HR,153965,1
48,5,14,57,HR,80618,1
60,11,16,41,Finance,104092,1
25,0,12,55,Finance,57060,0
40,19,18,50,Finance,141583,1
60,6,12,41,Finance,81738,1
21,0,14,54,HR,59672,0
50,28,18,55,Sales,170935,1
41,15,16,46,Finance,115517,1
40,12,18,51,Sales,117192,1
26,2,12,45,Finance,59552,0
42,1,18,38,IT,68887,0
38,15,18,53,Finance,127730,1
28,5,12,36,Sales,76889,0
59,37,16,36,Finance,189437,1
52,5,14,58,IT,78727,0
53,6,18,51,Sales,95464,1
36,4,16,58,Sales,79648,0
32,7,14,43,Sales,85235,1
58,6,12,56,HR,85177,1
54,33,16,35,Sales,176442,1
34,0,16,44,HR,67602,0
56,12,18,57,IT,113293,1
53,29,12,49,Sales,160128,1
43,20,18,55,Sales,147104,1
22,1,12,49,Sales,64796,0
41,20,14,59,IT,133616,1
22,1,18,57,HR,80807,1
47,15,12,55,Finance,112537,1
29,3,12,36,IT,67351,0
21,0,16,48,IT,67045,0
31,1,18,38,IT,70161,0
23,0,18,52,HR,68535,0
43,17,14,43,HR,123441,1
46,6,12,36,HR,80460,1
24,2,16,36,HR,69338,0
38,10,12,52,HR,94026,1
26,5,12,51,Sales,73158,0
55,16,12,43,Finance,109669,1
42,15,18,42,Finance,125481,1
35,12,12,36,HR,92992,1
42,21,14,36,HR,130116,1
57,36,16,39,Sales,190967,1
32,3,16,46,HR,78325,0
58,5,12,50,Sales,76356,0
38,1,16,48,Sales,70117,0
55,13,12,54,IT,101742,1
50,15,18,36,IT,119543,1
44,22,16,58,HR,149817,1
50,29,18,42,Sales,171855,1
34,3,18,38,HR,79367,0
26,4,14,54,IT,77177,0
23,2,14,43,IT,64783,0
36,11,16,54,IT,102240,1
27,0,12,60,IT,65837,0
34,9,12,59,IT,93285,1
29,1,12,53,HR,63201,0
35,4,12,36,HR,68526,0
41,13,14,50,IT,110522,1
55,7,12,45,HR,78688,0
22,1,12,42,IT,64146,0
47,21,18,46,IT,144934,1
22,1,12,37,IT,54004,0
55,15,12,47,HR,108943,1
38,9,14,36,HR,93111,1
34,8,16,47,Sales,96118,1
40,16,18,42,HR,128311,1
38,0,18,49,HR,67107,0
30,1,16,58,Finance,76912,0
45,9,18,55,IT,106030,1
22,1,12,43,IT,62759,0
45,20,12,45,HR,127030,1
53,0,16,56,HR,71728,0
56,3,14,55,Sales,74067,0
51,3,14,37,Finance,70806,0
34,9,18,41,IT,96981,1
21,0,14,48,IT,60632,0
36,3,14,49,HR,76816,0
23,0,14,43,HR,57451,0
55,8,14,54,Finance,87557,1
26,5,14,45,IT,75594,0
45,18,14,41,Finance,123428,1
33,12,14,46,IT,108002,1
54,3,18,53,HR,85788,1
28,4,12,52,Finance,77825,0
41,12,14,47,Sales,108153,1
54,22,12,45,HR,129848,1
24,3,16,35,Sales,69658,0
45,21,12,40,Sales,133266,1
35,4,16,55,Sales,79319,0
24,3,18,36,IT,78771,0
32,0,12,47,Sales,58981,0
52,22,16,47,IT,144755,1
52,27,12,53,Finance,158522,1
48,5,18,43,HR,85408,1
33,10,12,53,IT,95943,1
51,15,16,57,IT,117083,1
34,4,14,35,Finance,71412,0
40,15,14,57,Finance,112957,1
38,6,14,59,HR,90145,1
49,18,18,42,Finance,135626,1
26,0,14,57,IT,61290,0
52,8,18,60,HR,106895,1
49,17,14,48,HR,121464,1
22,0,18,58,HR,74379,0
43,14,18,50,Sales,123684,1
39,2,12,38,Sales,60809,0
51,23,14,52,IT,147343,1
25,3,12,48,Sales,72353,0
39,9,16,43,Finance,93308,1
54,8,14,49,HR,89346,1
30,2,14,37,IT,68815,0
45,21,14,38,Finance,130277,1
22,0,14,57,HR,64436,0
31,0,12,52,Finance,60004,0
51,13,12,48,Sales,104858,1
35,6,18,49,Finance,88325,1
29,3,12,42,Sales,67518,0
43,15,18,44,Finance,126120,1
39,7,16,58,IT,93286,1
29,3,12,46,Sales,69654,0
55,19,18,55,Sales,135389,1
41,14,14,43,HR,110809,1
29,4,16,42,Sales,75087,0
48,12,18,51,HR,114801,1
27,5,16,43,Sales,86508,1
36,11,14,47,Sales,96310,1
36,10,14,48,Sales,94286,1
53,4,18,39,Sales,78916,0
24,0,18,43,HR,65220,0
24,2,14,59,IT,75606,0
59,37,18,60,Finance,202945,1
60,1,14,60,Sales,69331,0
37,10,12,50,Sales,96817,1
57,20,18,53,IT,143884,1
59,36,16,58,HR,198992,1
49,26,14,57,Finance,151850,1
56,17,12,41,IT,116394,1
58,11,18,46,IT,110471,1
59,16,14,60,IT,124491,1
57,36,12,36,IT,177687,1
55,14,18,52,Sales,119285,1
27,6,14,52,Finance,81018,1
47,13,14,50,Sales,106103,1
48,17,14,45,IT,119771,1
42,0,18,36,Finance,66900,0
34,5,12,48,IT,80737,1
27,2,14,38,HR,64887,0
57,36,12,41,IT,186305,1
42,11,12,36,IT,94210,1
25,2,16,55,HR,76808,0
22,0,12,48,Sales,58133,0
47,15,12,41,Finance,106969,1
41,17,12,43,IT,112423,1
58,16,12,42,IT,117301,1
35,0,12,43,HR,53293,0
41,10,18,41,Finance,103539,1
30,3,16,53,HR,75746,0
43,9,14,51,IT,90655,1
59,28,16,60,Sales,172358,1
25,1,16,57,Sales,70354,0
21,0,14,47,Finance,58765,0
33,0,12,45,IT,56538,0
41,19,14,56,HR,129987,1
46,9,12,52,IT,87216,1
41,12,14,51,HR,104842,1
38,11,18,50,HR,105233,1
57,26,16,44,Finance,154121,1
52,21,12,38,HR,133798,1
56,25,16,38,Finance,149398,1
37,12,12,56,Sales,107116,1
55,11,14,45,Finance,99717,1
31,1,14,55,Finance,67854,0
41,4,14,59,Finance,76558,0
46,24,18,42,Sales,153073,1
24,0,14,43,Finance,58413,0
54,33,14,50,HR,178460,1
38,12,18,44,HR,109715,1
60,28,16,57,Finance,172089,1
55,34,16,43,HR,181216,1
49,10,12,37,Finance,87114,1
49,15,16,59,Sales,119367,1
58,32,12,36,HR,164828,1
41,18,12,43,Finance,124235,1
33,10,16,47,IT,100331,1
37,8,16,40,Sales,90148,1
29,8,18,38,IT,97921,1
21,0,12,48,Finance,62527,0
22,0,16,45,HR,60500,0
49,15,16,36,Finance,118568,1
53,2,18,60,HR,83611,1
30,2,16,37,Finance,67728,0
60,35,14,39,Finance,183334,1
41,6,14,59,HR,82273,1
48,22,12,41,HR,129848,1
31,1,18,45,Finance,76377,0
54,4,16,46,IT,80845,1
28,6,12,45,Sales,76992,0
42,21,16,53,IT,144625,1
28,1,14,47,IT,68439,0
35,9,16,38,IT,99712,1
37,11,16,48,IT,105589,1
43,7,16,46,HR,87196,1
44,18,14,36,IT,119255,1
39,14,14,42,Sales,114592,1
25,0,18,56,HR,73216,0
52,2,14,53,IT,71283,0
21,0,12,47,HR,54505,0
43,17,16,55,IT,127538,1
57,29,14,55,IT,162186,1
28,5,12,35,Sales,69139,0
33,1,14,39,HR,60878,0
28,4,16,56,HR,81594,1
43,0,12,60,Finance,59719,0
21,0,14,60,IT,69048,0
44,9,14,45,IT,92602,1
55,19,12,45,Sales,123450,1
44,9,18,47,Sales,100557,1
37,4,12,36,HR,69869,0
25,1,12,53,Sales,67079,0
40,14,12,50,HR,103278,1
41,19,12,60,IT,126091,1
60,7,14,39,IT,88041,1
51,16,12,48,HR,109754,1
56,30,12,53,Sales,162142,1
31,4,16,39,Sales,77599,0
35,13,14,55,HR,111236,1
39,11,16,58,IT,105380,1
27,1,14,60,HR,65057,0
48,0,18,43,Sales,67386,0
25,1,18,58,HR,72061,0
25,1,14,46,IT,66544,0
50,3,18,50,Finance,77198,0
52,7,18,53,HR,94944,1
28,0,14,49,Finance,61477,0
30,1,12,51,HR,60005,0
58,0,16,49,Sales,62191,0
52,10,14,37,Sales,91092,1
48,22,14,51,Finance,136332,1
37,1,14,47,HR,63883,0
51,0,16,43,Sales,65916,0
28,6,14,47,Finance,83019,1
60,15,16,50,Finance,120474,1
45,21,16,53,HR,145377,1
29,5,18,48,Sales,84733,1
22,1,12,42,Finance,56091,0
35,1,18,56,IT,78284,0
23,2,14,53,IT,72246,0
56,16,14,59,Sales,118483,1
24,1,16,58,Sales,73084,0
34,9,18,37,IT,94784,1
45,2,16,57,Finance,72768,0
30,9,18,55,HR,105833,1
41,20,18,52,Finance,142424,1
56,15,18,50,Sales,119071,1
32,5,18,48,Sales,87200,1
47,2,18,50,HR,76738,0
60,20,12,58,Finance,126983,1
22,0,14,51,HR,65623,0
33,1,18,54,Finance,79199,0
52,25,18,45,Finance,160253,1
51,21,16,47,IT,142140,1
36,11,14,45,Finance,100579,1
52,23,14,38,Sales,139470,1
52,26,14,60,Sales,157691,1
54,3,18,48,Sales,77859,0
31,5,16,39,IT,84230,1
30,7,14,38,HR,84026,1
35,7,16,35,Sales,85762,1
37,12,12,48,Sales,98186,1
60,9,12,41,HR,84342,1
38,1,16,44,IT,65375,0
29,7,18,36,Finance,86333,1
45,5,14,44,HR,76499,0
60,17,12,37,Finance,117096,1
34,0,12,55,Finance,57355,0
45,5,16,42,Finance,84023,1
42,12,18,44,HR,108885,1
50,22,16,42,HR,137657,1
40,13,16,48,Finance,113838,1
41,20,16,52,IT,137101,1
52,29,16,43,IT,168997,1
41,9,16,56,IT,101871,1
55,12,18,43,Sales,110288,1
52,11,16,38,Finance,102922,1
50,8,18,37,Sales,92727,1
59,3,14,48,IT,71720,0
32,6,14,48,HR,85647,1
38,1,14,55,IT,66643,0
41,6,14,50,Sales,85191,1
33,12,12,39,Sales,96462,1
41,8,18,54,IT,101187,1
28,4,14,57,Finance,82898,1
60,14,12,58,HR,107755,1
27,1,18,49,HR,70533,0
43,3,12,55,IT,70008,0
52,18,12,43,Finance,117373,1
31,3,16,41,Finance,75943,0
42,6,12,47,IT,77833,0
42,7,12,57,HR,82686,1
45,16,18,42,HR,122950,1
42,12,12,46,HR,103367,1
48,23,16,38,Finance,140852,1
49,20,14,50,IT,131710,1
33,11,14,60,Finance,101193,1
38,10,18,40,HR,106263,1
22,0,18,39,Finance,64474,0
49,0,12,35,HR,50073,0
41,1,18,48,IT,75385,0
35,0,12,43,HR,56564,0
47,4,18,52,Sales,85659,1
51,29,14,40,Sales,161862,1
35,13,14,49,IT,107266,1
43,5,14,50,Finance,81971,1
44,23,14,42,Finance,142213,1
33,6,12,53,Finance,84244,1
42,20,12,39,HR,126074,1
57,29,12,48,Sales,163820,1
53,12,14,41,IT,107044,1
23,0,16,38,Finance,62063,0
39,2,14,55,Finance,73194,0
43,2,14,35,IT,66641,0
49,18,16,38,HR,127686,1
50,13,16,48,Finance,113060,1
59,21,18,57,HR,150791,1
45,16,14,50,HR,121142,1
57,3,16,60,HR,80521,1
28,4,18,41,Finance,84170,1
36,7,16,44,Finance,91008,1
28,2,16,44,IT,76526,0
21,0,18,38,IT,67142,0
25,4,14,46,HR,73945,0
23,1,18,40,Finance,74643,0
21,0,14,47,HR,59815,0
24,2,16,55,IT,79045,0
60,1,18,35,HR,70393,0
55,10,12,42,Sales,96094,1
52,12,16,57,HR,110182,1
54,22,18,50,Finance,146731,1
45,9,16,39,HR,98901,1
30,2,18,60,HR,77537,0
41,4,14,60,Finance,83092,1
59,2,12,41,Sales,58477,0
47,5,16,60,Finance,84876,1
47,12,12,37,IT,99838,1
22,1,14,58,Sales,72892,0
33,2,18,55,Sales,81331,1
29,7,12,36,Finance,77543,0
56,34,18,36,HR,184466,1
42,16,14,54,IT,116137,1
46,7,16,57,IT,91627,1
32,9,14,44,Sales,89720,1
37,1,12,54,IT,65902,0
34,11,12,43,Sales,92374,1
34,6,12,52,Sales,85310,1
54,5,18,40,IT,81758,1
40,1,16,54,Sales,73752,0
31,4,12,40,HR,68110,0
36,6,12,60,Sales,87434,1
51,23,12,59,HR,139953,1
26,2,14,44,HR,68994,0
39,16,12,59,HR,115375,1
57,28,14,43,IT,154319,1
24,2,12,43,HR,67744,0
24,0,14,37,IT,56971,0
40,4,18,46,Finance,79667,0
30,6,18,45,HR,93865,1
44,0,14,48,Sales,65404,0
55,7,16,59,Finance,93932,1
46,11,16,53,Finance,111151,1
57,9,14,44,HR,91827,1
58,14,18,53,IT,120492,1
41,20,14,39,Finance,126942,1
60,23,16,56,HR,146788,1
59,25,14,43,Finance,144912,1
41,14,18,35,Finance,116116,1
30,9,16,49,HR,95971,1
58,2,16,58,Sales,73043,0
24,1,12,38,Sales,53923,0
40,5,12,60,Sales,76837,0
37,8,16,41,Finance,90243,1
27,1,16,40,IT,70522,0
24,3,14,49,IT,72926,0
49,26,18,40,Finance,155716,1
34,2,16,41,Finance,73394,0
23,0,18,54,HR,71333,0
44,23,16,56,IT,150829,1
57,21,18,37,Finance,136344,1
36,0,12,55,Sales,59677,0
24,1,16,47,IT,72785,0
44,9,14,36,Finance,91240,1
54,26,18,37,HR,153149,1
50,0,16,47,HR,67912,0
38,5,12,43,IT,75617,0
39,12,12,56,Sales,100849,1
51,18,12,53,IT,123125,1
39,12,12,52,Finance,104468,1
39,3,16,39,Sales,73089,0
42,1,14,44,Finance,67651,0
44,14,18,48,Sales,124214,1
32,11,14,55,Sales,107979,1
50,29,18,51,Finance,175435,1
58,26,14,37,IT,150875,1
51,6,16,41,HR,83655,1
56,19,16,43,Sales,135605,1
39,17,18,39,Sales,130545,1
56,30,16,38,HR,169661,1
50,22,18,37,IT,141414,1
53,12,14,60,HR,106456,1
38,16,16,47,IT,124508,1
48,3,16,43,Sales,74666,0
31,8,18,57,Sales,104908,1
53,13,18,41,Finance,111849,1
37,12,18,42,IT,110243,1
26,2,18,44,HR,76504,0
24,1,12,35,IT,54925,0
40,17,18,54,IT,133545,1
47,13,12,55,IT,107810,1
35,14,14,55,IT,110957,1
26,2,18,35,HR,75382,0
34,0,12,53,Finance,62720,0
31,9,12,36,Sales,91103,1
59,23,12,46,HR,137541,1
29,0,16,57,HR,67209,0
46,2,12,47,Sales,65345,0
36,13,18,48,Finance,120719,1
25,2,18,39,HR,77663,0
30,1,18,37,Sales,70040,0
23,1,12,58,Finance,67510,0
33,4,12,51,Finance,70298,0
50,25,16,35,IT,146131,1
26,2,14,48,HR,66392,0
37,7,16,40,Finance,91547,1
39,3,18,51,HR,85505,1
55,0,18,38,Sales,67440,0
46,7,18,40,HR,88212,1
25,0,16,35,Finance,57714,0
49,6,18,43,Sales,90646,1
57,10,18,38,Sales,106195,1
40,13,18,43,IT,116381,1
41,15,12,43,Sales,108169,1
30,0,14,56,Finance,64667,0
25,1,12,47,IT,65461,0
56,23,12,57,Finance,137680,1
26,4,14,51,Finance,81917,1
46,13,14,55,IT,105474,1
24,1,16,37,IT,70923,0
59,21,14,60,HR,135362,1
59,8,16,60,Finance,102003,1
55,16,16,40,HR,119272,1
21,0,12,54,Sales,63878,0
44,5,18,49,Sales,92083,1
56,12,12,48,HR,98508,1
26,1,12,47,IT,56867,0
51,4,14,43,Sales,78876,0
40,5,14,57,IT,81473,1
44,20,16,49,HR,138231,1
45,18,16,48,IT,126801,1
56,35,16,38,Finance,185809,1
41,6,14,45,Sales,79816,0
50,3,16,56,IT,82476,1
44,10,16,36,IT,100409,1
50,11,14,50,Finance,97701,1
42,13,18,53,IT,117586,1
48,12,12,50,HR,96276,1
27,4,14,41,HR,74627,0
55,9,16,45,HR,100498,1
48,17,12,46,Sales,112930,1
34,4,14,38,IT,70985,0
30,7,12,50,Sales,85161,1
36,13,12,60,Sales,109941,1
36,4,18,50,IT,87400,1
51,25,16,41,IT,147937,1
45,23,14,59,HR,148168,1
33,7,16,47,Sales,87313,1
26,0,18,39,Sales,71940,0
29,5,18,35,IT,88775,1
56,15,14,39,Sales,110551,1
40,3,14,56,Finance,78393,0
38,11,18,48,IT,110115,1
41,10,14,45,HR,100643,1
24,2,12,36,Finance,58024,0
53,5,12,58,Finance,79345,0
47,18,18,52,HR,137824,1
27,1,16,49,Finance,65296,0
26,2,14,48,Finance,68758,0
35,4,14,59,Finance,77841,0
38,8,12,47,Sales,89080,1
52,30,14,36,Finance,158971,1
31,2,16,53,Finance,74753,0
40,7,14,42,IT,89192,1
44,5,14,56,HR,86233,1
35,3,12,51,Sales,70231,0
27,3,14,49,Sales,75737,0
41,11,18,54,HR,114282,1
46,24,18,55,Sales,152458,1
34,4,16,48,Sales,80070,1
57,15,16,37,Sales,119135,1
41,9,16,51,IT,97281,1
38,13,16,37,IT,105169,1
25,4,12,47,Sales,75031,0
23,0,14,59,HR,69347,0
43,6,12,52,HR,81142,1
46,11,16,35,IT,104635,1
57,36,14,41,IT,184781,1
44,17,18,57,Finance,135531,1
39,3,12,39,IT,66893,0
45,1,14,36,Sales,58717,0
41,2,18,51,IT,79156,0
32,9,18,55,Finance,106676,1
53,2,16,44,Finance,74211,0
24,3,18,38,HR,79609,0
27,5,18,43,HR,82070,1
42,11,16,55,Sales,107413,1
53,18,14,45,IT,125501,1
37,9,14,60,Finance,94784,1
44,0,16,46,Finance,66240,0
54,16,12,46,HR,117091,1
48,15,16,52,HR,117887,1
59,8,14,38,IT,90257,1
42,20,12,43,Finance,122307,1
37,8,16,42,HR,88577,1
54,8,14,53,IT,92453,1
26,3,14,58,IT,79234,0
26,0,14,47,IT,64552,0
54,14,18,36,HR,119711,1
21,0,18,53,HR,76551,0
30,1,12,48,HR,65509,0
41,10,12,39,Sales,94996,1
25,2,12,60,Sales,64544,0
22,1,18,44,Sales,74853,0
42,5,12,58,HR,80860,1
22,0,14,51,HR,65844,0
30,3,14,54,Sales,76002,0
54,7,12,50,Finance,84405,1
36,1,12,51,Finance,66764,0
59,33,18,35,Finance,186885,1
42,20,14,55,Finance,138760,1
32,10,16,56,Sales,103023,1
44,23,16,49,IT,143773,1
60,18,18,51,IT,134272,1
58,6,18,45,Finance,89293,1
30,1,18,56,HR,78819,0
55,13,14,39,Finance,102853,1
52,6,12,38,Finance,71940,0
27,3,12,60,IT,69711,0
41,20,18,55,HR,147250,1
40,3,14,58,IT,79222,0
46,16,16,43,HR,121443,1
24,0,18,50,Sales,69820,0
42,11,14,46,IT,97531,1
35,8,18,52,Sales,103617,1
60,19,14,56,Sales,129018,1
41,12,14,37,Finance,103790,1
35,8,18,49,HR,94722,1
42,17,12,52,IT,119454,1
48,19,18,46,Finance,135526,1
34,8,12,47,IT,89988,1
47,3,12,35,Sales,69229,0
60,26,16,38,IT,150213,1
48,7,14,42,IT,83937,1
46,0,18,53,Finance,75750,0
22,0,14,55,HR,60583,0
45,24,16,60,IT,151974,1
23,0,12,55,Sales,64875,0
28,3,18,39,Sales,78766,0
53,31,14,45,Finance,171681,1
55,1,16,59,Sales,70824,0
26,4,12,58,IT,75905,0
59,8,12,58,HR,91949,1
43,19,14,51,IT,127532,1
45,5,12,51,Finance,73797,0
39,0,16,36,Sales,67240,0
25,3,12,58,IT,74575,0
31,8,18,60,IT,104777,1
32,4,18,35,Sales,79843,0
30,2,14,38,HR,69603,0
28,3,16,43,HR,74007,0
44,0,12,36,HR,58728,0
48,13,12,37,Sales,96109,1
56,8,12,40,IT,88460,1
57,29,18,47,Finance,172694,1
41,3,16,49,IT,77945,0
28,1,12,45,Sales,60816,0
29,8,14,44,Sales,87242,1
35,3,16,37,IT,73510,0
60,24,16,54,Sales,153772,1
38,9,12,43,IT,84458,1
40,2,18,59,IT,80000,1
26,1,16,44,HR,72781,0
32,3,14,55,Sales,75503,0
22,1,16,57,Sales,70552,0
27,2,18,59,HR,81396,1
36,8,14,58,HR,96010,1
23,1,18,57,HR,74344,0
23,1,12,46,Finance,66000,0
47,7,16,42,Sales,91737,1
60,31,14,55,IT,171033,1
58,26,18,55,IT,164534,1
53,22,12,55,IT,142459,1
48,6,14,51,Sales,88624,1
21,0,16,56,Finance,65001,0
28,3,16,39,Sales,69448,0
57,24,18,58,Sales,160403,1
52,2,14,42,Sales,67876,0
57,25,12,52,Sales,150521,1
24,3,12,45,Sales,65675,0
50,9,12,56,Finance,96776,1
26,3,18,44,HR,77575,0
39,14,12,60,IT,114512,1
52,31,14,49,Sales,173494,1
29,4,18,40,Sales,77027,0
32,5,16,53,Sales,80909,1
31,2,18,51,IT,73940,0
36,12,18,57,Finance,113350,1
21,0,18,44,IT,67947,0
41,19,14,39,Finance,123919,1
50,18,16,50,HR,128903,1
33,1,16,46,Sales,69305,0
54,15,18,60,Finance,131003,1
24,0,18,55,IT,70836,0
48,15,18,58,Finance,130582,1
58,1,14,39,Finance,59618,0
51,23,14,55,HR,147599,1
47,14,12,35,Sales,108150,1
25,3,16,36,Sales,71759,0
45,0,12,39,IT,55604,0
23,0,12,57,IT,63412,0
53,21,18,53,HR,147742,1
24,0,14,49,Finance,67229,0
45,3,12,35,Finance,65248,0
40,13,12,45,IT,101081,1
54,12,12,52,Sales,96946,1
46,0,18,37,Finance,62216,0
25,0,18,43,HR,73512,0
55,21,14,58,IT,136982,1
48,15,12,38,Finance,104531,1
49,18,12,58,Sales,121399,1
29,3,14,47,Sales,75659,0
58,11,14,43,HR,101669,1
26,3,14,37,HR,72732,0
39,0,16,50,IT,68098,0
31,4,14,56,IT,82798,1
22,0,18,42,Sales,70603,0
29,8,16,60,Sales,94691,1
41,18,14,41,Finance,121004,1
44,17,18,59,Finance,133740,1
54,27,14,57,Finance,158035,1
42,6,14,51,HR,87702,1
23,0,16,59,HR,74582,0
32,5,18,50,Finance,85277,1
48,25,12,55,Sales,146147,1
50,20,14,56,IT,137857,1
46,11,16,52,HR,103599,1
41,6,18,50,HR,87686,1
48,13,14,49,Finance,108266,1
46,14,12,36,IT,107921,1
53,14,18,54,HR,125706,1
41,5,18,38,IT,82733,1
55,20,16,39,HR,138665,1
54,13,14,41,IT,103045,1
38,1,14,49,IT,62385,0
31,7,18,51,HR,93264,1
43,12,14,44,IT,106775,1
42,5,18,54,Sales,86221,1
37,4,12,43,HR,66879,0
25,4,16,50,HR,80177,1
31,8,14,58,Sales,92010,1
50,0,14,37,IT,61571,0
35,8,16,56,Sales,97500,1
47,5,12,43,HR,76973,0
55,25,12,42,Sales,141053,1
53,13,12,57,IT,107146,1
40,4,12,41,Sales,74976,0
36,7,12,51,HR,79683,0
54,12,18,39,IT,109523,1
22,0,14,41,HR,55423,0
55,27,14,47,HR,152125,1
60,17,14,52,Finance,120186,1
48,24,18,56,HR,158211,1
59,18,16,48,HR,130499,1
26,5,12,52,IT,81668,1
29,5,16,37,IT,80006,1
40,1,12,51,IT,61935,0
21,0,12,53,Sales,62926,0
28,3,16,41,Sales,74676,0
43,12,14,55,IT,110272,1
23,2,18,38,Sales,71393,0
24,0,16,49,Finance,66225,0
45,10,14,58,Sales,104048,1
58,32,12,42,Finance,173243,1
35,7,14,50,IT,82703,1
41,1,12,35,IT,57213,0
55,29,12,59,Sales,164123,1
34,0,14,50,IT,64365,0
56,33,12,59,IT,177192,1
32,5,18,36,HR,85506,1
37,4,14,36,IT,75301,0
59,15,16,42,HR,119559,1
29,3,12,46,IT,65492,0
55,22,12,45,Finance,134549,1
33,12,18,40,Finance,107709,1
35,11,18,53,IT,114774,1
38,13,16,52,Finance,110928,1
53,17,12,39,Finance,119350,1
26,2,16,49,Finance,72774,0
47,17,16,42,Sales,125050,1
43,15,12,40,Finance,103568,1
47,19,16,46,HR,128937,1
54,15,16,53,Sales,121063,1
58,12,18,46,HR,115193,1
34,9,18,46,HR,104757,1
56,28,16,43,HR,164151,1
28,0,12,58,Sales,59525,0
55,25,18,44,IT,158794,1
39,8,16,56,Finance,99305,1
50,12,14,51,Finance,106633,1
34,12,14,52,IT,100838,1
40,3,16,50,IT,77546,0
45,8,14,38,HR,90417,1
60,13,18,52,Sales,112390,1
44,18,12,37,HR,119564,1
34,11,16,50,Finance,102308,1
46,20,18,48,IT,136354,1
58,31,12,58,Finance,171932,1
43,5,14,43,IT,75330,0
42,2,14,40,Sales,68989,0
39,15,14,38,HR,115375,1
23,1,14,36,Finance,66298,0
39,16,18,57,Sales,131879,1
29,5,18,44,Finance,86830,1
48,7,12,45,IT,83585,1
40,18,16,41,Finance,124976,1
27,5,12,60,Sales,78071,0
34,8,16,59,Sales,96459,1
29,1,14,39,HR,68010,0
39,13,14,60,Finance,111621,1
34,5,14,38,IT,80900,1
58,16,14,60,Finance,120786,1
56,14,18,40,HR,112941,1
60,31,12,36,IT,166531,1
37,12,16,36,IT,101138,1
50,20,16,50,HR,136652,1
29,0,18,59,IT,70021,0
53,32,14,57,Sales,173754,1
45,24,12,57,Sales,143168,1
34,9,14,47,IT,93338,1
31,10,18,55,Finance,109093,1
55,34,16,41,IT,186886,1
34,11,18,59,Finance,107991,1
50,1,16,60,HR,75176,0
24,2,12,39,Sales,58443,0
24,0,16,59,Sales,71224,0
48,8,12,51,HR,88874,1
28,7,14,47,HR,81793,1
22,0,14,49,Sales,65594,0
42,3,18,37,HR,76874,0
36,11,12,57,IT,98497,1
49,0,14,38,IT,62809,0
50,0,12,49,Finance,57282,0
32,6,14,52,Finance,84683,1
55,17,14,37,Finance,121729,1
31,6,16,41,IT,85643,1
41,14,18,42,Sales,120117,1
41,12,16,45,Finance,110289,1
25,4,12,59,IT,74603,0
40,13,14,56,Sales,107085,1
57,16,18,60,HR,132962,1
23,0,14,43,IT,65274,0
53,31,14,54,HR,168223,1
29,7,16,46,Finance,88596,1
29,7,12,39,Sales,82156,1
24,3,18,35,IT,76479,0
55,12,18,48,Finance,115111,1
37,14,18,59,Finance,123385,1
54,3,12,59,Sales,73847,0
44,21,18,59,HR,150760,1
52,1,12,37,Finance,61394,0
21,0,18,49,Sales,71290,0
28,3,14,44,Sales,71083,0
43,17,12,60,IT,116898,1
60,1,16,44,Finance,65851,0
32,8,18,58,HR,101830,1
32,9,16,37,HR,93480,1
35,2,12,40,Finance,58126,0
39,14,14,39,HR,105787,1
46,25,16,58,Sales,153670,1
49,19,16,53,Sales,136425,1
42,9,14,48,Finance,97338,1
60,27,14,51,HR,158725,1
41,19,12,46,Sales,122618,1
58,10,18,43,Finance,100981,1
40,9,16,60,Sales,98557,1
49,28,16,59,Finance,167987,1
24,2,12,37,IT,63003,0
27,4,18,52,IT,85935,1
48,8,12,38,Finance,81389,1
48,19,16,48,IT,135475,1
24,2,16,58,IT,77121,0
42,12,14,40,HR,104078,1
32,1,14,60,IT,64839,0
23,0,18,49,HR,68428,0
42,5,16,51,IT,81391,1
22,1,16,58,IT,75743,0
44,1,14,39,Sales,63983,0
54,23,12,40,Finance,134661,1
47,5,12,55,IT,82500,1
21,0,16,60,Finance,73175,0
28,3,16,39,Finance,73829,0
43,20,18,53,Sales,143801,1
58,1,18,48,Finance,71197,0
26,4,14,38,Finance,73850,0
42,13,16,39,IT,111490,1
45,4,12,45,Sales,71444,0
38,17,18,36,Finance,131001,1
37,10,14,56,IT,100118,1
32,9,14,36,Sales,89107,1
26,2,12,54,IT,62212,0
46,1,18,46,Sales,72334,0
47,14,12,50,Sales,108530,1
28,6,14,51,HR,89072,1
39,8,16,38,HR,89833,1
21,0,12,48,HR,58033,0
49,4,14,41,Finance,71351,0
55,6,16,49,IT,86576,1
60,19,16,50,Sales,134408,1
34,1,18,42,IT,73230,0
55,34,18,36,Finance,187227,1
40,1,14,53,HR,64223,0
33,4,12,35,HR,66930,0
58,21,16,57,IT,140340,1
28,6,18,38,IT,85188,1
40,18,18,60,Sales,133952,1
53,3,12,58,IT,76043,0
46,23,18,55,Sales,151420,1
59,19,14,59,Sales,130227,1
41,6,12,56,HR,79901,0
29,5,16,45,IT,83873,1
44,6,14,44,HR,80788,1
57,16,16,52,Sales,122445,1
37,15,16,35,HR,115737,1
44,2,18,51,HR,82639,1
41,14,14,50,Sales,108417,1
59,38,14,46,Finance,193709,1
59,34,12,50,Finance,177745,1
33,0,14,43,IT,58672,0
31,9,12,51,HR,90975,1
39,14,14,37,IT,109375,1
31,5,16,52,HR,82349,1
33,11,12,49,IT,96058,1
21,0,14,49,IT,59325,0
60,16,12,50,Sales,112749,1
39,16,18,54,Finance,125805,1
32,7,18,35,Finance,87847,1
28,0,12,35,Finance,56707,0
28,1,12,38,Sales,62670,0
32,8,16,47,Finance,90236,1
53,31,14,38,Sales,166033,1
46,3,18,57,HR,79757,0
59,36,18,42,Sales,197052,1
48,15,14,47,IT,119441,1
25,2,18,58,IT,82675,1
28,2,18,42,HR,76013,0
45,18,12,48,HR,120772,1
47,13,18,59,IT,119811,1
43,8,18,35,Finance,91086,1
50,5,18,43,Finance,83723,1
43,16,14,60,Finance,117233,1
40,18,16,58,HR,136857,1
38,11,12,35,IT,95916,1
38,3,16,41,Sales,69831,0
22,1,18,59,HR,81763,1
24,0,18,54,IT,76151,0
50,10,18,47,Finance,103303,1
53,21,16,49,Finance,141094,1
56,3,14,43,Finance,68194,0
38,16,14,50,IT,114761,1
57,7,12,51,Finance,82880,1
39,13,16,43,IT,105681,1
48,26,14,40,HR,150071,1
60,33,12,54,Sales,175325,1
40,10,18,46,Finance,105778,1
53,30,18,50,HR,180007,1
32,10,12,55,HR,95059,1
35,7,14,49,IT,83670,1
59,37,16,41,HR,192087,1
22,0,12,44,IT,56459,0
49,20,14,38,IT,130106,1
30,9,12,58,HR,88410,1
22,1,14,37,IT,65561,0
31,10,18,52,IT,110346,1
33,7,12,35,IT,80784,1
30,6,16,47,HR,91598,1
34,7,12,56,Sales,85793,1
38,7,18,52,IT,91358,1
29,6,18,42,Finance,91188,1
59,33,14,45,HR,181416,1
48,26,18,44,HR,156865,1
23,2,14,38,IT,70995,0
40,15,18,59,HR,123065,1
26,0,14,38,Finance,55165,0
47,12,16,38,Sales,108656,1
22,0,14,46,HR,60249,0
49,11,14,42,HR,96805,1
58,26,16,47,HR,157865,1
23,2,14,42,IT,67574,0
36,5,14,55,Finance,77195,0
50,24,16,37,Sales,143483,1
60,26,18,46,Finance,158235,1
22,1,12,52,Finance,59550,0
37,1,14,49,HR,69614,0
32,0,18,59,Sales,76624,0
55,25,12,48,Finance,147958,1
21,0,16,43,Sales,67216,0
35,11,14,39,IT,98828,1
46,18,14,49,HR,121141,1
57,4,16,42,IT,83229,1
41,0,14,57,Sales,62467,0
51,19,12,37,HR,121465,1
45,12,12,46,IT,103874,1
43,7,16,39,HR,90359,1
44,5,14,43,IT,73850,0
58,16,18,54,Finance,130239,1
48,11,14,37,HR,97798,1
41,0,16,57,Sales,73034,0
38,2,18,42,HR,77886,0
56,25,12,55,Sales,152736,1
55,30,12,47,IT,161450,1
29,7,18,42,IT,90929,1
58,7,18,39,Sales,89813,1
50,28,16,59,IT,164615,1
54,27,14,41,HR,157012,1
52,18,12,39,IT,123140,1
23,0,14,43,Sales,56427,0
23,0,12,39,Sales,55519,0
48,19,14,42,Finance,129979,1
35,2,12,46,Sales,68232,0
43,4,14,38,IT,76956,0
60,36,16,43,Sales,187108,1
31,3,12,56,IT,70420,0
52,23,16,56,IT,150776,1
56,35,12,48,Finance,178861,1
53,18,12,53,IT,122676,1
44,16,12,47,Sales,111517,1
59,4,14,37,Sales,69716,0
54,24,12,38,Sales,143627,1
48,17,16,35,IT,125911,1
57,7,14,56,Sales,88982,1
27,2,14,35,HR,69665,0
24,2,12,45,HR,66325,0
57,12,18,50,Sales,109846,1
21,0,14,38,IT,55771,0
21,0,12,41,Sales,52766,0
40,15,16,46,HR,122182,1
39,12,18,40,IT,105087,1
49,19,14,58,Sales,129412,1
30,1,18,54,IT,79385,0
38,2,14,43,Sales,64145,0
48,14,18,60,Finance,124116,1
55,18,18,42,IT,135933,1
51,12,16,48,HR,107631,1
47,4,18,49,HR,80677,1
31,9,16,55,HR,103733,1
58,5,12,56,HR,80022,1
25,3,14,39,Sales,74794,0
28,5,16,49,Sales,88202,1
54,33,14,40,IT,175007,1
32,10,16,35,Finance,95992,1
58,6,14,54,Finance,85125,1
21,0,16,43,IT,61033,0
51,2,14,38,HR,66265,0
24,2,12,36,Finance,64569,0
25,0,14,40,Finance,63760,0
50,1,12,36,IT,56300,0
44,9,12,37,HR,91113,1
23,0,12,41,Sales,58966,0
31,7,18,54,Sales,98404,1
24,2,14,51,Finance,72665,0
46,13,18,43,Sales,116032,1
47,21,18,56,IT,143067,1
47,13,14,43,Finance,103474,1
26,5,12,53,Finance,73541,0
35,13,18,39,HR,109277,1
50,16,18,59,Sales,129299,1
57,17,16,40,HR,124620,1
57,19,14,52,Finance,133443,1
57,16,18,35,Sales,122332,1
55,15,14,59,HR,121870,1
43,7,14,51,Sales,84485,1
26,3,18,48,Finance,79391,0
24,3,14,49,Finance,69571,0
38,11,12,39,Finance,94659,1
29,8,18,51,IT,97723,1
49,26,18,55,HR,168388,1
33,3,18,55,HR,81976,1
37,0,16,57,Finance,65498,0
52,30,16,57,HR,174461,1
42,9,16,45,Finance,93401,1
24,2,16,44,HR,77100,0
25,0,18,51,Sales,67712,0
57,35,12,59,HR,185630,1
33,0,14,35,Finance,56730,0
54,17,14,39,HR,121721,1
42,19,18,50,Sales,138349,1
43,22,12,41,Sales,134356,1
23,1,14,46,Sales,65022,0
54,7,12,42,Finance,84209,1
52,12,18,52,IT,109864,1
41,19,16,35,Finance,126259,1
41,14,12,54,Sales,104562,1
31,3,14,46,HR,73576,0
59,22,14,38,Sales,141124,1
24,0,14,60,IT,67420,0
21,0,16,46,IT,66184,0
48,2,12,56,Sales,69548,0
44,2,12,35,Finance,66075,0
55,33,14,35,IT,176831,1
33,0,12,37,Sales,50766,0
54,16,14,55,Finance,118312,1
31,2,12,46,HR,62275,0
56,29,16,56,Finance,172273,1
37,14,16,55,IT,115600,1
55,13,18,47,Finance,114001,1
38,1,18,47,Finance,73615,0
60,38,18,55,HR,203051,1
42,16,12,43,Sales,110051,1
44,17,16,52,Finance,128737,1
39,5,16,35,HR,75387,0
57,31,16,40,IT,173364,1
59,20,14,59,Sales,133861,1
41,7,12,57,IT,82980,1
28,3,12,58,Sales,75468,0
48,26,18,39,Finance,158035,1
25,1,14,60,Finance,65780,0
37,0,14,38,Sales,55143,0
57,15,16,40,IT,118856,1
56,21,18,37,IT,139086,1
39,10,12,51,IT,97323,1
47,14,14,45,Finance,106568,1
54,12,16,38,Sales,109600,1
31,7,12,59,Sales,88171,1
32,1,16,54,IT,74226,0
41,13,12,35,Finance,103534,1
31,7,16,38,Sales,83530,1
59,37,12,57,Sales,185897,1
48,8,18,37,IT,98248,1
25,3,12,44,IT,71589,0
37,6,12,56,Sales,82116,1
40,17,12,35,Finance,110505,1
32,7,16,38,HR,85725,1
26,0,14,53,Sales,67470,0
37,3,12,35,Sales,68897,0
39,8,12,50,Finance,84414,1
46,3,18,53,Sales,83056,1
52,11,12,54,HR,102662,1
26,3,18,55,Finance,87286,1
56,29,12,56,HR,162447,1
58,23,16,52,HR,147544,1
31,3,14,36,Sales,71847,0
53,30,14,40,HR,169423,1
44,23,14,55,Sales,141446,1
43,6,16,35,Sales,80902,1
35,9,18,53,Finance,104042,1
47,12,14,39,Finance,98526,1
31,5,16,36,Finance,83218,1
37,7,16,35,Sales,85847,1
34,6,12,50,HR,76092,0
47,4,18,59,HR,87377,1
38,11,16,55,Finance,103720,1
48,12,18,36,Finance,104682,1
24,0,14,60,Sales,61123,0
27,3,14,38,IT,68390,0
55,13,14,37,IT,105397,1
29,1,12,57,Sales,60202,0
28,2,12,51,IT,65131,0
37,3,18,49,IT,81660,1
37,6,18,44,IT,93696,1
53,14,12,46,Finance,108746,1
52,20,16,46,HR,134028,1
28,5,18,54,HR,94143,1
39,15,18,41,Finance,124928,1
58,23,14,44,Finance,143208,1
23,0,18,39,Finance,65013,0
25,3,18,54,IT,80989,1
33,5,16,54,Sales,87696,1
51,15,18,45,Sales,121844,1
36,2,16,36,IT,66998,0
52,16,14,58,IT,125277,1
42,8,12,50,Finance,86235,1
49,24,14,46,Finance,149046,1
42,2,16,50,HR,72212,0
23,0,16,38,Finance,62569,0
30,6,18,36,IT,86006,1
41,17,18,59,HR,128841,1
36,11,12,44,Finance,95539,1
32,2,16,47,HR,74269,0
22,1,16,57,HR,75255,0
44,21,14,53,Finance,132461,1
55,14,12,49,Sales,103923,1
50,0,14,57,IT,60592,0
50,1,18,35,IT,71822,0
55,7,18,51,HR,97411,1
39,1,14,54,Sales,63839,0
28,7,18,38,Sales,92390,1
46,18,14,54,Finance,128994,1
60,8,16,43,Finance,89155,1
27,0,16,40,IT,61495,0
50,12,18,37,Finance,107385,1
27,5,12,56,Finance,75555,0
23,1,16,36,HR,70493,0
21,0,18,52,Sales,67725,0
56,14,12,57,Sales,108981,1
45,18,18,53,Finance,134005,1
57,14,14,41,Finance,105446,1
21,0,18,37,Finance,62886,0
35,1,14,52,IT,62358,0
57,6,16,54,IT,88049,1
33,9,16,54,HR,101130,1
60,10,18,53,IT,108074,1
28,7,12,43,Sales,81016,1
25,1,18,50,IT,77680,0
29,2,18,40,Sales,70715,0
21,0,16,55,IT,65143,0
56,9,16,46,IT,92423,1
55,16,18,40,HR,120773,1
22,0,16,47,Finance,70213,0
60,39,14,58,Finance,199077,1
43,6,18,39,Finance,90589,1
29,3,16,47,HR,73103,0
54,30,18,54,Sales,177861,1
34,8,16,41,IT,94394,1
24,0,14,46,HR,58924,0
50,12,14,55,Sales,104754,1
51,17,18,38,HR,124313,1
58,20,14,39,HR,129087,1
31,0,14,50,Sales,64089,0
55,7,16,38,Finance,88733,1
28,3,18,42,IT,74256,0
23,0,16,50,Finance,71315,0
34,10,16,42,HR,99603,1
33,3,12,51,Sales,70553,0
52,20,14,48,HR,128317,1
54,20,16,46,Finance,137053,1
39,18,16,37,Finance,122802,1
58,22,16,54,Finance,141865,1
36,2,14,36,IT,66189,0
22,1,14,47,Finance,67763,0
60,34,14,55,IT,184307,1
37,7,18,45,IT,91111,1
54,4,16,58,Finance,82114,1
36,3,14,46,Sales,74283,0
58,7,16,52,HR,92210,1
22,0,18,43,HR,66297,0
22,1,12,41,IT,60254,0
46,6,18,40,IT,85555,1
33,7,14,58,IT,89402,1
51,28,14,48,HR,155743,1
54,20,18,52,IT,138144,1
59,22,16,48,Sales,142396,1
23,0,14,39,Sales,61548,0
28,5,14,54,IT,84930,1
43,14,18,58,HR,121782,1
34,7,16,47,Finance,93646,1
47,6,18,35,HR,87486,1
49,1,18,46,Finance,71723,0
59,29,16,53,Finance,173620,1
59,12,16,44,IT,102435,1
21,0,12,58,Sales,64393,0
37,5,18,39,IT,89360,1
50,28,16,54,Finance,166424,1
33,4,14,40,IT,70230,0
41,19,12,46,Finance,119538,1
39,0,18,55,IT,72424,0
39,17,16,37,Sales,117651,1
45,14,12,48,Sales,111972,1
42,9,12,55,HR,88056,1
51,2,14,38,Finance,69613,0
37,4,12,51,Finance,76798,0
43,12,18,51,IT,115909,1
52,7,16,48,HR,88509,1
30,5,12,49,Sales,74800,0
30,4,12,41,IT,67265,0
56,28,18,38,HR,166932,1
28,1,14,51,Sales,65378,0
40,8,14,40,IT,88561,1
52,16,16,45,Sales,119043,1
34,10,18,46,Finance,100304,1
48,17,14,49,HR,125528,1
44,12,16,46,Sales,107884,1
35,0,16,45,HR,69994,0
42,11,14,51,IT,100814,1
50,19,18,42,HR,136407,1
24,3,12,46,IT,66914,0
33,4,14,43,HR,75042,0
43,4,12,45,IT,72571,0
28,7,12,37,IT,79406,0
38,14,18,41,IT,112806,1
32,10,18,55,Sales,112225,1
51,2,16,37,Finance,69103,0
34,5,18,55,HR,93899,1
54,18,16,50,Finance,134815,1
38,17,14,44,Finance,123311,1
54,0,12,57,Finance,57807,0
31,8,18,41,Finance,99793,1
32,10,14,59,HR,98144,1
35,6,16,58,HR,93909,1
51,11,18,54,Finance,111606,1
49,9,12,49,HR,88155,1
46,11,14,55,HR,100927,1
38,10,18,55,IT,103357,1
52,3,18,44,HR,77420,0
42,18,14,46,Sales,122822,1
58,5,16,52,Finance,88968,1
37,8,16,57,HR,92478,1
43,19,18,57,Finance,143008,1
44,9,16,43,HR,97458,1
28,4,16,43,Finance,81318,1
26,2,14,38,Sales,66363,0
25,4,16,39,HR,77551,0
49,8,16,41,HR,90289,1
48,1,14,60,Sales,68330,0
31,1,18,41,HR,72203,0
21,0,18,45,Finance,74198,0
39,0,14,44,Sales,63050,0
29,7,12,45,IT,86482,1
47,20,14,58,Finance,132339,1
54,33,12,58,HR,176594,1
24,3,16,52,Finance,80425,1
56,8,18,46,Sales,100515,1
38,1,12,59,HR,68627,0
35,6,12,50,HR,84975,1
33,7,16,38,Sales,90527,1
39,13,18,51,IT,115995,1
26,2,16,51,HR,72086,0
32,6,18,55,HR,89877,1
57,16,18,57,HR,126855,1
37,3,16,39,IT,71283,0
43,12,12,47,Finance,99509,1
46,6,14,37,IT,81670,1
49,15,18,57,Finance,125212,1
53,32,18,51,HR,184407,1
47,12,14,45,Finance,102604,1
45,0,14,35,Finance,57049,0
30,5,16,52,Finance,84252,1
43,19,18,51,Finance,140457,1
41,2,16,43,HR,72378,0
41,11,14,54,Sales,100341,1
33,4,16,41,IT,78325,0
57,25,18,39,Finance,157964,1
53,11,12,50,HR,94612,1
44,9,12,41,HR,86300,1
31,2,18,47,HR,78087,0
37,4,16,47,HR,82724,1
24,1,14,49,Finance,70401,0
45,4,14,57,IT,75729,0
50,8,12,51,HR,91341,1
29,3,16,51,IT,80161,1
41,16,14,53,IT,121160,1
40,9,14,44,IT,94622,1
39,0,18,36,Sales,68966,0
39,15,16,48,HR,114378,1
32,9,16,57,HR,96910,1
57,14,14,37,HR,105243,1
37,16,16,41,IT,115713,1
57,25,16,59,HR,162048,1
59,19,16,45,HR,130936,1
48,24,18,51,IT,158487,1
55,12,14,49,HR,101094,1
38,0,12,53,Finance,57523,0
34,8,16,45,Sales,90790,1
55,7,14,49,Finance,82838,1
27,4,12,49,Finance,68052,0
33,5,18,40,Finance,80639,1
38,13,14,49,IT,111643,1
57,22,18,43,HR,149760,1
33,10,14,39,Finance,93542,1
56,30,18,53,Finance,180408,1
51,5,14,58,HR,81918,1
22,0,18,39,IT,65626,0
36,12,12,56,Finance,104692,1
29,5,14,47,HR,81842,1
29,1,12,52,HR,59152,0
58,34,16,54,Sales,185763,1
31,6,12,51,Finance,84615,1
42,3,14,49,Finance,69543,0
53,16,12,48,Sales,109969,1
56,27,14,50,HR,160190,1
43,21,18,38,HR,139816,1
54,6,16,51,Finance,92492,1
29,7,12,54,Finance,82623,1
44,2,16,48,Sales,72945,0
28,5,12,52,Finance,76025,0
27,5,14,40,Finance,75752,0
56,1,12,56,IT,66858,0
38,13,16,42,Sales,108492,1
23,0,12,43,HR,54517,0
48,17,16,58,Finance,129835,1
26,2,16,35,HR,68855,0
41,11,14,47,Finance,97613,1
48,12,18,37,IT,106027,1
60,25,18,40,Sales,155832,1
21,0,12,51,Sales,60558,0
56,11,16,42,HR,102647,1
41,17,14,40,IT,121415,1
55,8,18,50,HR,97719,1
33,0,14,35,IT,63243,0
30,4,14,44,Finance,71882,0
30,0,16,52,Finance,62984,0
33,4,12,56,IT,74508,0
57,23,16,60,Finance,148536,1
58,33,18,48,Sales,187923,1
44,7,18,58,IT,97552,1
22,1,14,39,IT,62645,0
42,20,16,51,HR,132689,1
37,0,16,48,IT,64318,0
56,22,14,60,HR,140113,1
34,12,12,52,IT,97742,1
30,5,14,38,Sales,72645,0
55,13,14,54,Sales,110851,1
45,13,18,57,Sales,115330,1
23,0,16,36,HR,62185,0
58,37,18,41,HR,196923,1
37,6,14,41,Finance,79530,0
32,9,16,41,HR,93314,1
44,0,14,47,HR,58869,0
49,24,14,53,Sales,151199,1
45,14,12,56,IT,107286,1
56,20,18,40,HR,137298,1
46,17,18,54,Finance,135668,1
58,29,14,51,IT,167792,1
21,0,12,59,HR,63144,0
40,12,14,52,IT,106621,1
48,23,14,59,IT,147246,1
36,13,14,58,IT,114529,1
37,1,12,35,IT,62226,0
60,18,16,57,IT,127936,1
48,14,12,47,HR,106802,1
32,11,14,60,IT,100141,1
47,14,16,53,IT,115074,1
50,24,14,50,Finance,143808,1
54,13,12,44,Finance,105353,1
57,5,12,47,IT,76853,0
26,3,16,44,HR,74575,0
27,3,12,48,Finance,72734,0
52,22,14,43,Finance,141794,1
52,29,16,55,IT,167848,1
45,5,18,45,HR,85612,1
53,29,14,37,Sales,162662,1
27,0,18,42,HR,73514,0
32,8,16,46,Finance,97840,1
36,9,16,37,Finance,92154,1
36,3,14,41,Finance,72120,0
56,33,12,48,Finance,170362,1
33,7,14,41,Finance,85762,1
27,5,12,41,IT,75611,0
56,25,12,48,IT,141410,1
29,7,14,46,IT,83456,1
52,13,16,35,Finance,105919,1
31,1,14,39,IT,63391,0
28,7,18,45,Finance,95632,1
53,3,16,35,HR,76924,0
43,0,12,57,Sales,57337,0
45,22,16,47,HR,139580,1
28,3,14,58,Sales,72910,0
42,13,16,57,IT,116497,1
24,3,12,51,Sales,70429,0
60,24,12,37,HR,138857,1
23,0,16,44,HR,67690,0
49,2,18,53,Sales,76635,0
49,4,12,41,HR,69499,0
54,25,18,54,IT,161986,1
54,3,12,37,HR,66800,0
48,6,16,56,Sales,85377,1
33,7,12,46,IT,85379,1
35,2,18,60,Sales,76818,0
43,6,18,56,Finance,95988,1
46,2,16,44,Finance,71374,0
24,3,18,55,IT,79889,0
46,0,18,46,IT,65358,0
60,32,16,49,HR,176633,1
29,5,12,40,Sales,78311,0
25,1,16,53,Finance,73231,0
52,24,12,60,HR,146949,1
40,13,12,39,Finance,103843,1
31,3,12,59,HR,67269,0
35,5,14,54,HR,77889,0
52,15,12,36,Finance,105202,1
48,27,16,55,HR,162340,1
42,20,16,53,Finance,141775,1
37,0,16,53,IT,68795,0
46,5,14,38,Sales,79450,0
27,0,18,54,HR,72897,0
46,14,14,39,Finance,107610,1
45,11,16,41,Finance,106062,1
30,2,16,38,Sales,71384,0
39,10,18,45,Sales,107215,1
31,2,14,57,Sales,76554,0
33,1,16,59,HR,75947,0
28,4,12,37,Finance,66255,0
60,3,12,39,HR,69156,0
24,1,16,54,HR,76263,0
51,18,12,49,IT,118615,1
48,11,18,59,Sales,115118,1
31,1,16,55,IT,71351,0
21,0,14,60,IT,68468,0
58,16,16,52,HR,125667,1
44,2,18,50,HR,78264,0
51,9,14,50,Finance,95295,1
46,15,18,44,IT,126439,1
25,0,12,35,Sales,53955,0
40,10,12,57,IT,98791,1
31,4,12,45,Finance,67713,0
53,14,18,51,IT,121739,1
58,34,18,58,IT,196452,1
47,15,16,49,IT,123381,1
54,20,14,59,Finance,133623,1
35,4,14,41,IT,70732,0
52,20,18,59,HR,139040,1
41,11,18,60,IT,114881,1
25,4,12,40,HR,66198,0
26,0,18,49,IT,75359,0
58,17,12,49,HR,117496,1
42,20,18,41,IT,141486,1
38,7,14,37,Sales,82793,1
34,11,16,48,HR,108013,1
30,3,18,43,Sales,83883,1
33,1,12,37,HR,58534,0
51,9,16,40,IT,99043,1
50,18,12,54,Finance,124810,1
23,0,12,43,IT,61393,0
50,24,16,35,Finance,144587,1
26,0,16,43,Sales,65973,0
49,5,16,46,Finance,78755,0
28,3,18,38,Finance,78753,0
53,10,16,60,Finance,103250,1
37,10,18,50,Finance,110349,1
31,1,14,39,Sales,58457,0
33,7,14,51,Finance,83281,1
31,8,12,51,IT,87030,1
51,14,12,40,HR,101396,1
48,6,18,60,HR,95418,1
26,3,12,49,IT,69371,0
36,12,14,35,Sales,101573,1
24,0,18,47,IT,72159,0
55,0,18,50,IT,72455,0
46,19,16,36,Finance,130502,1
32,3,18,53,Finance,83578,1
31,7,12,57,Sales,81247,1
57,35,14,36,Sales,177911,1
45,3,12,55,HR,69884,0
38,12,14,59,Sales,107682,1
39,1,16,46,IT,67886,0
43,22,14,46,HR,141473,1
58,14,16,60,HR,120080,1
38,3,12,42,Finance,62858,0
46,5,16,46,Finance,78932,0
26,2,18,58,HR,83248,1
24,2,18,45,Finance,71829,0
49,5,14,36,Finance,76746,0
54,9,12,35,Finance,89201,1
37,8,12,59,HR,85684,1
36,13,14,60,HR,107168,1
22,1,18,38,HR,66341,0
54,28,16,43,IT,160825,1
28,3,14,41,HR,69820,0
33,10,16,56,Finance,104477,1
28,2,16,60,HR,80465,1
50,6,12,59,IT,82413,1
52,17,18,44,Finance,132918,1
56,3,16,54,Sales,76073,0
50,4,18,48,HR,89149,1
21,0,12,35,HR,52626,0
59,3,14,39,Sales,68133,0
37,3,14,47,Finance,76239,0
40,12,12,40,HR,96368,1
44,15,12,56,IT,114816,1
42,13,16,51,Finance,111606,1
49,10,12,49,HR,93955,1
42,1,14,41,Finance,66866,0
29,5,18,42,HR,89361,1
57,13,18,55,Sales,117585,1
30,7,18,36,HR,90898,1
56,23,18,52,Finance,152917,1
57,25,12,55,HR,143116,1
48,10,12,57,HR,92913,1
48,3,18,41,Finance,74703,0
41,6,12,54,HR,84885,1
44,15,16,50,HR,120705,1
60,37,12,53,Finance,188258,1
22,0,16,43,Sales,62583,0
28,7,16,46,IT,89475,1
47,5,12,48,IT,74630,0
42,1,18,41,IT,73428,0
57,7,16,36,IT,87441,1
47,26,12,51,IT,150743,1
49,6,14,45,IT,79040,0
23,2,18,52,Finance,81688,1
33,8,14,46,Finance,92759,1
30,7,16,37,Finance,83225,1
56,14,14,55,HR,114472,1
29,8,12,48,Sales,87562,1
47,21,18,49,Sales,145997,1
54,17,16,53,IT,127258,1
21,0,12,44,IT,53037,0
52,11,18,43,Finance,104415,1
45,22,16,44,Sales,142356,1
49,18,16,54,HR,134463,1
27,4,16,57,HR,85334,1
23,2,16,38,Finance,70148,0
40,9,14,53,IT,90463,1
40,9,14,44,Sales,95921,1
50,1,14,51,HR,66452,0
55,12,16,46,IT,109589,1
55,28,14,59,Sales,165883,1
59,37,18,35,HR,193325,1
47,8,16,45,IT,94350,1
46,12,18,47,HR,111472,1
34,8,18,35,IT,95864,1
37,12,14,35,IT,100265,1
38,4,16,55,IT,84691,1
49,13,14,50,Sales,106379,1
40,4,14,41,Finance,71488,0
47,8,14,57,IT,90881,1
38,7,16,44,IT,86845,1
24,2,16,50,HR,69275,0
21,0,14,35,HR,54766,0
21,0,18,56,Sales,74376,0
46,7,18,43,Finance,92504,1
40,2,16,40,HR,68319,0
43,22,12,49,Sales,130731,1
30,7,14,38,Sales,79751,0
31,7,14,49,Sales,90996,1
25,0,12,44,IT,58068,0
21,0,16,59,Finance,72420,0
37,6,18,50,Finance,88807,1
42,18,16,47,Finance,130295,1
54,33,18,53,IT,188731,1
49,13,18,60,IT,120563,1
24,1,16,54,HR,74111,0
25,0,14,38,HR,57962,0
31,2,14,54,HR,69398,0
41,18,14,56,Sales,127304,1
55,25,18,50,Finance,161485,1
32,0,14,45,IT,63234,0
46,21,18,49,HR,146189,1
39,18,14,45,Sales,122447,1
27,2,16,57,IT,75223,0
27,3,12,59,Sales,71983,0
46,24,18,45,Sales,154099,1
60,18,16,37,Sales,121171,1
25,0,18,58,Finance,77728,0
41,18,18,58,IT,136916,1
34,6,16,51,IT,91534,1
24,0,14,39,Sales,59060,0
43,22,18,47,Finance,143931,1
40,10,12,44,Sales,87245,1
35,4,12,39,HR,72874,0
49,16,16,46,IT,124192,1
28,2,12,42,IT,64671,0
39,7,16,58,Finance,90575,1
59,11,16,46,IT,106568,1
48,9,18,50,IT,103881,1
47,12,16,36,IT,106544,1
24,1,16,37,Finance,71061,0
35,1,14,52,Sales,68934,0
55,19,18,51,IT,135823,1
57,15,12,36,Sales,105090,1
21,0,14,60,Finance,67343,0
23,0,14,56,Sales,60812,0
44,2,18,46,HR,76389,0
47,26,18,51,IT,160807,1
60,14,14,40,Finance,108802,1
56,33,18,51,Finance,183871,1
54,21,18,36,Sales,142830,1
49,7,16,42,IT,86417,1
44,22,18,48,Finance,147747,1
44,16,16,40,HR,117175,1
24,3,14,43,Sales,76378,0
23,2,14,35,HR,62872,0
54,22,12,39,HR,134502,1
43,14,18,41,Sales,117525,1
43,8,14,43,HR,93552,1
25,4,16,48,Sales,81628,1
51,8,14,43,Sales,89021,1
26,5,18,38,Finance,87950,1
57,15,12,54,Finance,115432,1
30,7,12,49,HR,87856,1
60,24,14,38,HR,143544,1
27,1,12,37,HR,62850,0
59,8,18,58,HR,103212,1
58,14,18,55,HR,125663,1
41,6,12,57,Finance,84924,1
40,0,16,60,HR,70455,0
23,0,12,56,HR,58304,0
42,4,12,48,IT,76490,0
24,3,14,43,Sales,67902,0
48,8,16,53,Sales,97942,1
32,11,12,40,Finance,98034,1
58,5,14,37,Sales,75460,0
56,27,14,52,HR,160958,1
25,4,14,50,Sales,79519,0
33,9,18,37,Finance,96460,1
43,7,14,36,Sales,79548,0
50,14,14,36,Sales,109883,1
57,5,18,60,IT,95900,1
45,5,18,57,IT,90610,1
47,3,14,44,HR,73005,0
34,10,12,49,Sales,94462,1
56,20,16,37,HR,132490,1
59,29,18,42,Sales,167239,1
36,1,16,52,HR,75902,0
42,2,18,45,HR,78835,0
41,2,14,41,Sales,71048,0
41,11,18,53,IT,111518,1
28,2,14,59,Finance,71694,0
36,4,16,41,HR,74452,0
51,29,12,59,Finance,161944,1
30,4,14,36,Sales,71421,0
52,5,16,40,HR,82390,1
54,20,16,39,Sales,137864,1
29,5,18,48,HR,86807,1
37,7,14,52,IT,86828,1
31,1,16,38,HR,69647,0
52,19,12,38,HR,119966,1
30,5,18,58,HR,95383,1
42,20,18,47,Sales,137960,1
37,16,16,57,IT,120263,1
24,0,14,55,Sales,61214,0
45,18,18,59,Finance,135162,1
41,17,14,35,IT,114440,1
57,36,16,54,HR,194513,1
58,37,16,39,HR,197192,1
21,0,14,58,HR,66627,0
45,11,12,37,Finance,91260,1
56,10,18,55,Finance,104190,1
37,15,16,53,HR,115633,1
44,19,12,47,HR,121476,1
22,0,12,41,Finance,60453,0
60,19,14,44,Sales,126070,1
35,8,14,37,IT,88439,1
52,0,14,57,IT,65209,0
59,2,12,36,Finance,57845,0
26,4,18,41,Finance,83391,1
21,0,14,43,Sales,60381,0
43,22,18,55,HR,148959,1
59,8,14,46,Finance,92833,1
37,12,12,56,Sales,104217,1
54,18,18,44,Finance,128607,1
49,22,18,53,HR,144107,1
29,6,12,47,Finance,78470,0
33,3,18,44,HR,81850,1
26,3,12,39,Sales,71144,0
26,2,12,49,IT,69387,0
40,13,16,55,Sales,109901,1
23,1,14,37,IT,64683,0
37,0,16,42,Sales,61349,0
32,11,12,40,IT,98151,1
21,0,12,53,Sales,59389,0
37,7,18,51,HR,99908,1
23,2,12,44,IT,65782,0
46,25,12,35,IT,145030,1
35,14,12,47,HR,106834,1
56,21,14,44,HR,134365,1
52,12,16,46,IT,104994,1
52,8,16,36,IT,92926,1
24,0,14,44,IT,57159,0
38,8,14,55,Finance,96085,1
39,14,14,57,Sales,113638,1
55,12,16,35,HR,103558,1
60,21,16,35,HR,135842,1
34,1,12,54,Sales,60877,0
53,25,16,60,HR,154299,1
34,13,18,49,HR,118770,1
54,33,16,56,IT,187996,1
24,3,14,59,HR,71919,0
44,3,16,35,Finance,69987,0
49,20,12,60,Finance,132773,1
39,13,16,55,IT,118066,1
26,2,14,43,IT,65778,0
53,27,18,58,HR,171725,1
60,5,14,41,IT,75220,0
39,0,18,50,IT,67324,0
21,0,12,50,Sales,55008,0
25,3,12,47,IT,72931,0
47,6,16,44,Finance,81603,1
36,7,12,52,HR,85333,1
26,0,12,43,IT,60787,0
60,1,14,46,Sales,69399,0
33,0,14,58,HR,67172,0
55,16,16,47,HR,123690,1
39,5,16,45,HR,78120,0
32,2,16,49,Sales,75160,0
36,11,16,44,Finance,104981,1
30,6,14,44,Sales,83062,1
45,5,16,43,Sales,80265,1
40,3,16,59,HR,78931,0
51,18,12,59,Sales,123291,1
24,0,16,37,HR,62586,0
43,2,18,57,IT,82272,1
22,1,12,50,IT,59914,0
42,8,14,46,Sales,93832,1
57,5,18,51,Finance,90435,1
28,4,16,59,HR,81505,1
27,2,12,49,Sales,67365,0
34,5,16,59,Sales,87561,1
23,1,12,37,Finance,55065,0
36,3,16,39,HR,69603,0
39,3,18,47,Sales,82170,1
38,1,14,58,Finance,72504,0
36,9,18,40,HR,104229,1
28,3,18,60,IT,83749,1
53,7,14,60,Finance,91846,1
32,9,12,43,Sales,91808,1
31,1,12,53,IT,65025,0
25,0,14,41,HR,64516,0
47,0,16,47,Finance,63913,0
32,1,12,56,IT,60105,0
37,14,18,39,IT,115049,1
26,1,14,50,Sales,68861,0
53,30,18,38,IT,170216,1
25,4,12,39,Sales,74163,0
48,14,14,54,HR,114431,1
34,2,14,53,Sales,74525,0
25,2,12,57,Finance,70520,0
53,8,12,40,IT,87620,1
39,4,14,38,HR,77779,0
42,4,16,59,Sales,82957,1
25,2,14,35,Sales,62812,0
22,1,16,51,Sales,67795,0
50,19,18,43,HR,135395,1
59,23,16,50,HR,144242,1
24,3,16,57,Finance,84134,1
53,17,12,36,HR,110455,1
33,8,14,45,Sales,87704,1
40,2,18,60,HR,84585,1
27,3,14,39,Sales,71963,0
35,13,16,47,Finance,113547,1
43,6,16,54,Finance,91402,1
34,9,16,51,Sales,98617,1
43,7,14,59,HR,87240,1
39,15,16,49,HR,116278,1
49,19,14,56,IT,129164,1
40,14,18,46,Finance,119629,1
49,6,18,40,Finance,90249,1
44,16,14,54,Sales,122642,1
38,11,18,47,IT,108815,1
30,1,12,52,HR,63212,0
28,7,16,58,Sales,95837,1
46,13,16,49,HR,111456,1
49,14,16,49,HR,120221,1
30,4,12,42,HR,75438,0
37,15,16,53,IT,123291,1
22,0,14,57,Finance,66439,0
26,1,16,48,Finance,67285,0
25,3,14,41,HR,71229,0
48,27,18,48,IT,165198,1
25,0,14,39,HR,58005,0
38,8,14,49,HR,89020,1
46,21,14,55,Sales,139275,1
40,8,16,49,IT,96092,1
47,3,12,58,IT,70426,0
32,10,12,38,Finance,92042,1
27,0,14,35,Finance,58414,0
23,1,16,51,HR,75263,0
30,0,12,59,Sales,57987,0
54,7,18,54,Sales,96644,1
45,24,18,35,Sales,145860,1
55,15,16,50,HR,116474,1
36,9,18,47,Finance,100064,1
22,1,18,52,IT,72326,0
44,21,18,44,HR,142744,1
30,1,12,57,Sales,65225,0
58,21,18,52,Sales,141950,1
42,8,14,51,HR,92232,1
46,11,14,60,Sales,103405,1
59,18,18,43,IT,130675,1
47,24,14,48,HR,142217,1
49,17,12,55,IT,117146,1
58,4,16,47,Finance,82874,1
40,1,14,54,Sales,71072,0
47,6,18,54,Sales,95296,1
40,9,16,48,Finance,100733,1
39,14,16,45,Finance,113969,1
40,6,18,47,Finance,92055,1
55,14,14,51,Sales,112019,1
22,1,12,37,Finance,61450,0
50,23,14,35,HR,140014,1
54,25,14,55,Finance,151958,1
42,13,12,39,HR,102465,1
23,1,16,59,HR,68641,0
26,1,12,47,IT,64484,0
35,9,12,58,HR,97754,1
47,16,18,39,HR,126358,1
30,4,18,39,Finance,85762,1
29,1,14,57,Sales,66812,0
53,12,18,46,Finance,116648,1
52,26,12,36,IT,142696,1
26,0,12,57,IT,57189,0
56,6,18,50,Sales,95674,1
22,1,18,51,HR,70108,0
49,9,18,39,IT,102984,1
24,3,12,46,Sales,64318,0
21,0,16,49,Finance,66193,0
39,8,16,40,Finance,90261,1
46,21,18,47,Finance,145684,1
45,22,14,45,HR,137790,1
30,6,14,60,HR,89101,1
35,8,16,51,Sales,91657,1
42,16,18,43,IT,119982,1
41,19,12,59,Finance,131642,1
42,6,14,50,HR,88285,1
56,6,14,51,HR,84711,1
54,27,12,54,IT,152087,1
50,18,12,58,Finance,120808,1
45,19,18,52,Finance,142773,1
48,11,12,47,IT,100890,1
21,0,12,45,Sales,56228,0
24,2,12,47,Sales,65394,0
27,6,16,58,IT,94324,1
29,5,12,60,IT,74822,0
56,24,14,47,Sales,143157,1
39,8,18,46,IT,95860,1
21,0,18,48,Finance,69100,0
30,6,18,47,Sales,91735,1
56,21,16,59,Sales,141584,1
29,0,14,43,Sales,65353,0
52,16,12,48,Finance,118397,1
52,15,14,35,IT,115725,1
26,5,18,43,HR,85625,1
58,33,12,38,HR,169356,1
37,7,18,46,Finance,92964,1
30,0,18,58,Finance,71496,0
47,12,18,48,IT,114828,1
55,17,14,43,HR,122965,1
41,9,14,37,Sales,90259,1
45,1,18,40,Finance,76045,0
48,1,18,37,HR,65748,0
35,10,12,35,Sales,90230,1
24,1,18,60,Sales,79663,0
49,15,18,56,IT,130275,1
29,6,18,55,Finance,94762,1
47,20,18,37,Sales,137653,1
46,20,14,48,Finance,128014,1
39,11,18,54,HR,114131,1
48,27,16,36,HR,153212,1
37,13,18,46,Finance,113313,1
40,3,14,60,Sales,76909,0
60,25,16,44,Sales,147858,1
59,35,16,47,HR,184147,1
43,17,18,54,Sales,131832,1
52,2,18,38,Sales,72300,0
53,0,14,53,HR,66574,0
25,0,16,56,IT,66065,0
54,6,16,35,HR,87446,1
60,4,14,59,Finance,75434,0
31,2,18,45,IT,75291,0
23,2,12,60,Finance,68317,0
53,15,12,50,IT,108424,1
31,7,16,53,IT,87923,1
36,1,16,53,HR,76102,0
38,14,18,46,HR,119724,1
50,6,12,37,Finance,79909,0
30,8,16,57,HR,92960,1
38,5,18,58,IT,92084,1
58,24,12,52,HR,146092,1
39,13,14,51,Finance,109680,1
56,13,16,39,IT,112101,1
33,8,14,50,Finance,87307,1
23,2,12,58,Sales,69746,0
30,1,18,48,HR,71721,0
58,13,18,53,IT,116265,1
21,0,12,40,Finance,57925,0
47,25,14,37,HR,149826,1
28,0,18,40,HR,65100,0
37,9,16,46,Finance,101871,1
29,3,14,54,IT,70136,0
26,1,14,45,Finance,62572,0
45,9,16,41,HR,95162,1
59,23,12,60,Finance,137808,1
48,1,18,35,Sales,65491,0
53,27,14,50,HR,157808,1
57,26,18,50,IT,157521,1
29,7,18,51,Sales,92714,1
38,0,14,49,Finance,60625,0
41,0,12,55,IT,65060,0
22,1,14,43,Sales,62690,0
58,6,12,39,Finance,74929,0
60,8,16,54,Sales,94777,1
56,15,12,42,HR,109709,1
57,4,12,55,IT,72071,0
35,1,14,35,Sales,57232,0
48,27,18,41,HR,167614,1
38,10,18,45,Finance,102152,1
54,24,12,54,HR,145450,1
42,18,12,60,Finance,121216,1
31,7,14,55,IT,87539,1
33,10,12,47,HR,88621,1
24,3,14,56,HR,73366,0
42,18,16,47,Finance,124440,1
27,0,12,41,Sales,59550,0
44,4,16,45,Finance,77753,0
24,0,12,52,Sales,59281,0
48,26,12,35,Finance,146133,1
35,3,16,46,IT,71542,0
21,0,16,37,Sales,58327,0
23,0,14,60,HR,67703,0
34,9,14,35,Sales,87602,1
58,31,16,38,Finance,175218,1
21,0,12,40,Finance,55430,0
58,7,14,39,Sales,84053,1
58,28,12,45,HR,160123,1
41,7,18,54,IT,93868,1
49,18,14,57,HR,125848,1
25,3,14,47,Sales,68908,0
30,6,14,45,Finance,79093,0
48,15,18,40,HR,116993,1
41,8,16,53,Finance,98783,1
27,4,12,59,Finance,75477,0
23,0,18,49,HR,72138,0
40,9,16,55,Sales,102108,1
39,9,14,47,HR,97038,1
55,9,16,44,IT,92782,1
24,3,16,35,Finance,77673,0
25,4,16,47,Finance,75110,0
21,0,12,40,Sales,53006,0
24,3,16,55,Finance,77529,0
32,0,16,60,Finance,67292,0
47,16,16,58,Finance,121344,1
43,20,16,54,HR,141826,1
45,13,18,46,Finance,116548,1
41,18,18,51,HR,131589,1
44,20,16,52,Sales,135943,1
45,20,16,58,IT,136966,1
52,16,16,60,Finance,122759,1
52,13,14,42,IT,106263,1
25,4,16,48,HR,79275,0
56,18,16,39,Sales,123928,1
59,6,18,56,Sales,97259,1
36,0,18,36,HR,68819,0
53,0,18,59,IT,73177,0
41,4,12,56,Finance,75717,0
29,8,14,59,HR,89214,1
26,5,16,45,HR,79743,0
55,25,18,60,HR,165621,1
59,1,12,37,HR,61456,0
42,15,16,56,HR,117748,1
25,4,16,60,Sales,82887,1
43,4,18,50,HR,80198,1
37,11,16,55,Sales,103780,1
32,2,16,50,IT,73900,0
43,15,16,43,Finance,116822,1
36,5,18,47,Sales,92505,1
23,2,12,44,Finance,64913,0
50,14,16,51,Finance,117043,1
42,15,12,59,Finance,112704,1
29,3,16,55,Sales,81672,1
49,12,18,51,Sales,110867,1
57,30,12,44,Sales,166321,1
43,1,18,42,IT,71725,0
33,12,14,41,Sales,104390,1
52,2,16,48,IT,73752,0
43,8,14,56,Sales,89219,1
37,10,14,52,Sales,103122,1
60,10,14,55,Finance,97057,1
41,9,16,53,HR,102270,1
22,1,18,52,Finance,70523,0
57,8,14,48,Sales,85549,1
26,3,12,44,HR,72405,0
38,9,16,35,HR,97095,1
50,21,18,43,IT,137538,1
42,8,18,52,HR,101665,1
53,4,14,47,IT,72970,0
50,7,16,51,Finance,88861,1
37,10,14,57,IT,103220,1
52,0,12,59,Sales,64881,0
34,4,18,56,HR,86080,1
30,9,18,50,Sales,103196,1
56,0,16,58,HR,65142,0
54,4,18,45,HR,84924,1
29,0,16,57,Finance,68281,0
48,21,14,43,IT,137668,1
31,9,12,41,Finance,84791,1
34,4,16,56,IT,83056,1
59,5,14,35,Finance,74705,0
39,15,12,43,Finance,105416,1
35,10,18,44,HR,107488,1
48,9,12,50,Finance,86494,1
44,14,12,55,Finance,114246,1
28,6,12,52,IT,82541,1
29,6,18,48,Finance,95624,1
53,30,16,45,HR,173774,1
53,11,16,58,Finance,112627,1
39,18,12,38,Sales,117925,1
23,1,14,53,Sales,67609,0
30,2,14,47,IT,64612,0
60,1,12,35,IT,54922,0
21,0,12,55,Sales,57197,0
49,19,14,53,Finance,127314,1
54,4,12,49,Finance,72453,0
33,10,12,54,IT,97016,1
21,0,16,49,HR,70538,0
54,24,16,59,Finance,149497,1
49,2,12,45,Sales,67768,0
33,2,12,57,HR,69324,0
49,21,18,39,HR,142897,1
59,36,16,58,Finance,199333,1
44,21,12,56,HR,130525,1
46,22,18,44,IT,146766,1
37,10,18,52,HR,110756,1
27,2,18,41,IT,76222,0
33,12,18,35,Finance,108536,1
25,4,16,37,HR,80603,1
46,7,18,35,Sales,88646,1
23,1,16,51,Sales,73484,0
27,1,18,49,IT,71931,0
59,3,18,39,IT,82024,1
21,0,14,56,Finance,64494,0
37,3,16,50,HR,78045,0
45,19,14,46,IT,126981,1
23,1,14,53,IT,62814,0
35,8,18,48,Finance,103134,1
49,15,16,37,HR,119563,1
52,25,12,53,HR,146879,1
46,5,18,35,IT,86199,1
36,8,16,55,HR,100178,1
45,3,14,35,HR,73971,0
48,8,16,60,HR,100532,1
29,8,18,44,Sales,98607,1
21,0,16,37,HR,65409,0
49,5,14,47,Sales,82821,1
42,20,16,40,HR,137321,1
36,2,16,45,HR,75445,0
27,5,14,40,HR,77689,0
34,4,18,37,IT,80314,1
49,14,12,50,IT,105374,1
39,2,14,43,Sales,66883,0
39,4,14,42,HR,69807,0
22,0,18,37,Sales,70239,0
35,1,18,39,HR,75373,0
23,1,16,55,Finance,71302,0
31,8,14,48,Sales,92311,1
50,14,16,39,IT,114390,1
60,6,16,53,Finance,84011,1
38,13,18,39,IT,115353,1
22,1,18,55,Finance,75709,0
52,20,16,54,Finance,138240,1
28,6,14,54,Finance,81609,1
42,19,14,36,Sales,129197,1
26,1,16,59,Sales,74072,0
32,7,12,41,IT,83932,1
60,0,12,35,Sales,55775,0
56,31,18,55,IT,182993,1
35,9,14,52,HR,94299,1
48,16,16,44,IT,118800,1
38,4,16,40,IT,77857,0
22,1,14,41,Sales,66606,0
33,5,18,46,IT,89105,1
35,3,18,52,Sales,84598,1
40,15,12,45,IT,110039,1
49,6,14,56,HR,89839,1
49,6,14,53,Sales,82843,1
23,1,16,59,Sales,76267,0
39,17,14,38,HR,122260,1
23,1,12,53,Sales,65100,0
34,13,14,47,IT,103584,1
60,30,16,53,Finance,169007,1
24,1,12,36,Sales,61598,0
31,8,16,43,Finance,95332,1
51,13,14,42,IT,105442,1
52,4,18,55,HR,83053,1
47,10,14,48,Sales,94402,1
50,7,14,43,Finance,88504,1
22,0,16,47,HR,61597,0
29,4,18,52,HR,85549,1
48,16,14,40,Sales,112421,1
51,21,12,57,Finance,133074,1
54,31,12,56,Sales,170280,1
35,3,16,37,IT,72973,0
45,14,16,44,HR,117933,1
56,18,18,44,Finance,134510,1
28,7,16,44,Sales,93680,1
29,5,18,43,HR,89947,1
57,33,14,46,Sales,177943,1
59,16,12,58,Finance,121818,1
52,11,12,42,IT,98541,1
37,16,12,58,IT,118578,1
55,9,16,43,IT,91931,1
57,27,16,51,Sales,165550,1
39,17,14,42,HR,116719,1
49,18,16,52,IT,126891,1
27,1,18,54,IT,73824,0
48,12,12,51,IT,101180,1
29,7,14,40,IT,83613,1
48,15,18,44,Finance,126019,1
26,1,18,35,Finance,68911,0
49,25,16,55,HR,158159,1
37,15,16,59,Finance,118307,1
36,14,12,35,Finance,103927,1
43,16,14,43,Finance,117170,1
51,6,18,54,Sales,94696,1
23,1,16,37,Finance,63287,0
41,9,16,58,Sales,101887,1
46,4,14,40,Sales,73471,0
56,20,14,41,Finance,130981,1
57,2,16,43,Sales,70375,0
42,18,16,39,IT,124277,1
32,11,12,50,HR,95032,1
33,2,14,36,Finance,65017,0
31,5,18,37,Finance,86537,1
36,13,16,37,HR,105629,1
28,3,16,54,Finance,83035,1
60,17,16,60,Finance,130458,1
60,28,16,57,HR,167518,1
22,0,12,44,Sales,58390,0
50,19,14,56,IT,134064,1
50,5,16,37,Sales,85539,1
32,3,14,49,IT,73019,0
30,7,18,48,HR,95819,1
31,2,18,57,Sales,83509,1
35,11,18,38,Sales,103710,1
36,2,18,44,IT,74615,0
37,3,14,45,IT,72952,0
46,0,18,45,IT,69933,0
22,1,18,42,IT,68816,0
32,9,16,57,Finance,103497,1
46,12,16,57,HR,106389,1
43,1,16,43,IT,68097,0
38,15,12,42,Sales,104709,1
52,11,16,46,Sales,101653,1
58,32,18,51,Sales,185945,1
23,0,14,57,IT,60635,0
58,9,18,49,HR,100491,1
23,1,14,53,Finance,66157,0
50,18,18,54,IT,139148,1
21,0,12,40,IT,58157,0
50,6,16,39,Finance,83549,1
52,24,18,42,HR,155669,1
48,18,16,52,IT,134145,1
41,14,12,55,Sales,109330,1
33,8,12,55,Sales,87830,1
47,9,16,49,IT,101697,1
56,22,16,37,HR,140329,1
27,3,14,48,Sales,70895,0
42,19,16,60,Sales,138470,1
30,3,16,49,Finance,74414,0
59,37,14,47,HR,196001,1
35,3,18,55,IT,78275,0
35,4,14,54,Finance,79353,0
24,0,18,55,Finance,74053,0
52,11,18,60,Finance,115838,1
43,22,18,43,HR,144448,1
26,4,14,57,HR,81072,1
44,4,14,51,HR,73151,0
40,10,12,53,IT,94423,1
57,10,18,59,HR,112379,1
40,12,14,38,Finance,97953,1
32,11,12,54,Sales,95461,1
53,7,18,44,IT,97475,1
48,24,14,56,IT,150599,1
28,6,14,37,IT,79410,0
21,0,14,53,Finance,63505,0
57,17,16,43,HR,128102,1
42,18,12,39,Finance,121456,1
26,3,14,48,Sales,71713,0
41,11,16,41,HR,103691,1
52,17,12,55,Sales,121888,1
55,9,12,40,IT,88694,1
35,6,16,58,IT,93547,1
25,3,12,42,Finance,65302,0
26,1,16,36,HR,61642,0
45,11,18,59,IT,114945,1
60,13,14,60,Finance,107923,1
49,14,16,48,Sales,118737,1
27,1,12,56,Finance,63857,0
60,29,12,41,HR,161907,1
33,1,18,37,HR,72247,0
58,30,18,54,HR,174111,1
38,11,18,56,IT,107639,1
22,1,18,57,Finance,73846,0
28,4,18,40,Sales,83446,1
31,3,14,55,HR,72951,0
53,22,16,48,Finance,138897,1
58,32,18,46,IT,177590,1
47,5,18,52,Sales,92301,1
40,2,14,46,Sales,66898,0
32,2,16,41,Sales,74484,0
51,3,18,39,IT,76016,0
47,19,16,46,HR,127626,1
52,22,16,43,IT,137782,1
30,2,14,45,Sales,65171,0
23,2,14,38,Finance,66402,0
47,6,18,48,Sales,95329,1
55,1,12,60,Finance,62674,0
51,20,14,46,IT,132035,1
35,5,16,52,IT,81023,1
36,11,16,41,IT,102066,1
33,9,18,57,Finance,107712,1
55,31,18,35,IT,172824,1
31,9,18,47,HR,101707,1
41,20,16,50,Sales,138869,1
31,8,14,39,HR,88420,1
50,10,12,53,Finance,99245,1
55,22,14,59,IT,139770,1
42,17,12,43,Sales,118746,1
58,10,14,57,IT,101644,1
51,16,18,43,IT,124500,1
34,1,16,46,Sales,65220,0
44,2,12,52,Sales,67691,0
52,10,14,60,HR,99482,1
56,34,16,58,HR,189872,1
52,25,12,60,HR,145943,1
35,14,12,44,HR,104001,1
55,10,16,60,HR,101775,1
23,2,18,51,Finance,81520,1
36,11,16,53,Finance,103692,1
25,3,18,58,IT,82603,1
41,19,14,45,IT,123825,1
30,8,14,50,HR,93711,1
39,10,16,42,IT,98341,1
45,18,18,60,Finance,140330,1
24,3,14,58,Finance,75352,0
49,0,18,49,IT,67959,0
39,4,18,45,HR,79662,0
22,1,18,41,Finance,70239,0
30,9,16,36,Sales,91833,1
45,13,18,53,Sales,118012,1
40,1,16,43,IT,72951,0
39,3,14,52,HR,77030,0
43,1,14,47,IT,62825,0
44,17,12,57,HR,119272,1
31,2,12,35,HR,58660,0
54,4,14,53,Sales,81374,1
48,19,18,47,Finance,140931,1
25,1,18,48,Finance,70697,0
25,2,14,51,IT,74682,0
41,17,14,56,IT,120544,1
32,5,12,54,HR,79769,0
24,2,18,35,Finance,76393,0
40,9,14,39,HR,90608,1
58,21,12,54,Sales,130630,1
45,22,12,48,Sales,132918,1
34,0,18,60,HR,69047,0
31,5,12,60,HR,74633,0
52,10,12,52,HR,95275,1
31,2,16,47,HR,70464,0
38,16,14,57,HR,119609,1
47,23,18,46,Sales,152453,1
38,3,14,49,Sales,72294,0
43,13,16,58,Sales,112437,1
31,10,18,38,IT,105396,1
41,19,14,43,Sales,128384,1
25,3,12,37,Finance,63071,0
43,13,18,56,Finance,115734,1
45,3,16,45,HR,76021,0
30,5,12,49,Sales,75535,0
42,8,16,50,HR,93522,1
39,11,12,41,HR,92105,1
21,0,14,41,Finance,60587,0
27,4,14,56,Finance,74463,0
24,1,14,43,HR,65081,0
21,0,16,51,Finance,69743,0
35,13,18,47,HR,116544,1
60,30,14,43,HR,168674,1
32,7,16,43,HR,89249,1
42,3,12,54,IT,69900,0
42,4,14,46,Finance,77897,0
37,5,12,55,Finance,78022,0
49,4,14,53,Sales,76392,0
34,2,12,57,Finance,68568,0
40,7,16,49,Sales,94139,1
53,8,14,52,HR,95745,1
35,14,16,42,IT,110273,1
32,3,16,59,HR,76542,0
60,6,12,40,HR,80431,1
40,7,14,59,HR,91770,1
50,14,18,40,Sales,115049,1
58,14,18,37,IT,117383,1
23,0,16,60,HR,69247,0
48,18,12,37,Sales,119674,1
46,6,12,36,HR,80455,1
50,5,12,39,IT,73531,0
33,10,14,54,HR,94599,1
33,2,14,46,HR,65737,0
22,0,12,40,Finance,59373,0
57,27,18,50,Sales,161574,1
58,16,18,39,IT,121273,1
22,1,14,40,Sales,60897,0
56,18,12,38,Finance,122673,1
46,10,18,48,HR,100818,1
31,9,18,37,IT,102952,1
28,2,14,51,IT,65939,0
60,22,14,39,Sales,133784,1
42,2,18,56,HR,79389,0
40,2,12,55,Finance,62858,0
28,1,18,55,HR,72803,0
49,24,18,40,Sales,152204,1
60,19,12,54,IT,129589,1
46,25,14,38,IT,142438,1
50,28,12,47,HR,155539,1
37,14,12,42,HR,107488,1
40,6,12,45,HR,83405,1
36,9,12,58,HR,88765,1
27,4,14,53,Finance,78928,0
36,6,18,57,Finance,98067,1
47,19,16,39,Finance,129871,1
43,9,14,39,Finance,87235,1
44,12,12,37,Sales,100652,1
29,6,18,36,IT,85619,1
55,22,18,37,IT,147587,1
40,3,12,49,Sales,65626,0
57,2,14,41,Sales,67794,0
37,1,12,37,Finance,54292,0
51,3,18,49,HR,83793,1
28,0,18,45,IT,65567,0
35,14,14,50,Sales,108132,1
51,24,16,47,HR,154413,1
50,0,12,36,Finance,57412,0
40,5,16,54,Sales,90133,1
59,6,18,46,IT,86746,1
32,2,16,55,IT,72115,0
37,11,12,41,IT,98054,1
50,0,12,35,Sales,55215,0
49,6,18,48,IT,92469,1
39,18,14,58,Finance,123793,1
31,9,14,44,IT,97418,1
54,11,18,37,Finance,108134,1
27,5,12,45,IT,79693,0
54,12,14,56,Finance,109222,1
40,13,16,54,Sales,114902,1
58,21,18,55,Finance,141519,1
44,11,16,60,Sales,103888,1
30,3,12,49,HR,64787,0
52,11,14,40,Finance,96997,1
35,10,12,52,Sales,97269,1
57,33,16,47,HR,179171,1
40,6,12,49,IT,83171,1
23,0,12,37,HR,56808,0
57,36,18,49,Finance,200696,1
60,0,18,58,HR,76666,0
28,5,12,58,IT,76885,0
60,14,18,35,HR,111209,1
43,7,12,44,Finance,80362,1
60,32,16,58,Finance,181030,1
31,1,18,52,Sales,71530,0
28,4,12,60,IT,75991,0
49,28,18,60,IT,172067,1
50,0,12,42,HR,60438,0
30,4,18,46,IT,80838,1
59,17,14,60,Finance,124633,1
48,15,12,39,HR,108551,1
56,9,14,35,Sales,87215,1
33,3,12,42,HR,65456,0
52,0,14,39,HR,54802,0
56,22,12,51,Sales,139636,1
57,4,18,49,HR,88646,1
46,1,14,38,IT,64703,0
42,16,18,47,HR,125561,1
24,2,12,51,HR,67596,0
51,6,18,47,HR,92665,1
38,16,12,59,Finance,119162,1
58,27,18,60,Finance,163582,1
44,5,14,36,IT,80803,1
43,21,12,58,Sales,137863,1
42,14,18,38,Finance,117390,1
22,0,12,59,Finance,62452,0
51,14,12,36,IT,105022,1
31,1,12,46,IT,59968,0
48,17,16,53,Sales,124015,1
52,24,12,52,HR,142846,1
25,4,18,44,HR,80262,1
58,20,16,39,Sales,137671,1
30,6,18,45,Sales,93055,1
60,37,16,35,Sales,188058,1
44,1,12,37,IT,55998,0
55,26,14,51,HR,151630,1
43,16,14,60,Sales,118759,1
37,3,12,49,Sales,64627,0
21,0,16,48,HR,66777,0
51,11,18,58,HR,111929,1
51,18,14,49,IT,124576,1
54,1,12,50,Finance,59616,0
29,1,12,38,Finance,54459,0
42,13,16,53,IT,113841,1
33,3,14,58,IT,80477,1
45,1,12,59,HR,62817,0
38,3,14,42,IT,66689,0
32,2,18,40,IT,70498,0
60,8,12,50,Sales,88347,1
37,6,12,37,IT,79004,0
35,13,18,42,IT,118821,1
35,12,12,39,Sales,102530,1
35,10,16,39,HR,103024,1
59,34,18,46,HR,191232,1
33,12,16,59,IT,112656,1
37,14,18,35,IT,114983,1
52,13,18,41,Finance,117407,1
29,7,16,58,Sales,93896,1
60,8,18,45,Finance,94091,1
40,12,14,44,IT,102607,1
46,22,16,37,Finance,138983,1
47,21,18,42,Finance,138707,1
41,3,16,35,HR,71724,0
38,7,18,42,Sales,95655,1
33,2,18,57,HR,85007,1
36,1,14,54,HR,62902,0
29,2,14,45,Finance,67354,0
32,11,14,41,Sales,102101,1
58,22,18,60,IT,146768,1
39,7,14,50,Sales,82638,1
27,0,16,41,HR,59520,0
55,6,18,47,Finance,93456,1
38,8,16,44,IT,97252,1
36,11,14,51,HR,100727,1
59,13,18,37,Finance,109987,1
24,1,16,41,HR,65325,0
45,14,12,45,Finance,106554,1
52,2,16,47,Sales,77737,0
60,14,18,39,HR,118656,1
33,2,12,59,Sales,65309,0
37,13,14,57,Sales,111043,1
57,7,14,53,Finance,83598,1
26,4,16,49,IT,81684,1
39,18,14,35,Sales,125852,1
33,3,16,39,HR,70569,0
46,13,16,47,HR,110171,1
34,3,16,44,Finance,71188,0
51,23,16,39,Sales,142740,1
24,1,18,57,IT,80656,1
59,30,18,35,IT,168680,1
28,5,12,44,HR,73028,0
45,2,12,52,Finance,65234,0
33,12,14,56,Sales,102455,1
52,2,18,42,HR,76586,0
58,10,12,54,Finance,99771,1
58,2,18,37,IT,69335,0
48,27,18,53,HR,162388,1
50,9,14,53,Finance,91782,1
23,1,14,36,IT,66306,0
48,0,16,51,Finance,72181,0
23,2,18,50,HR,78629,0
54,9,16,55,Sales,97486,1
36,0,16,44,Finance,61865,0
42,3,16,55,Sales,77986,0
52,2,18,50,HR,81186,1
58,4,18,39,IT,78523,0
28,3,16,54,Finance,79528,0
28,0,18,37,IT,67530,0
26,3,16,37,Sales,73936,0
34,12,12,36,Sales,95888,1
52,23,18,55,IT,148610,1
55,31,14,38,HR,172427,1
30,4,14,56,Sales,77668,0
23,0,16,52,HR,66925,0
32,11,12,36,IT,92735,1
51,18,18,58,HR,133563,1
49,20,16,40,Sales,137262,1
25,3,12,37,IT,62349,0
45,18,12,55,HR,123445,1
51,20,18,37,HR,137272,1
41,10,14,36,Finance,89141,1
40,5,14,37,Sales,76283,0
59,8,12,51,Finance,86131,1
42,0,14,48,HR,59779,0
24,3,12,41,Sales,67905,0
33,9,12,56,IT,91169,1
40,13,12,55,IT,107068,1
33,5,14,40,IT,74939,0
37,0,16,42,HR,67506,0
56,21,14,53,HR,140257,1
53,10,16,53,IT,103329,1
21,0,14,46,Finance,57271,0
35,2,18,39,Finance,77759,0
33,9,18,39,Sales,97965,1
37,5,14,48,Sales,82726,1
44,5,18,51,IT,91712,1
28,6,18,50,HR,95845,1
47,19,18,38,HR,129361,1
43,20,18,59,Sales,139873,1
28,1,16,42,IT,64767,0
28,1,12,37,Sales,56921,0
46,25,16,55,Finance,159831,1
33,7,12,39,IT,79569,0
59,31,12,57,IT,173273,1
57,9,14,58,IT,100173,1
48,22,14,59,Finance,141826,1
45,5,14,41,IT,75593,0
36,6,14,52,Sales,88899,1
22,1,14,58,Finance,70085,0
38,16,16,42,HR,119385,1
37,13,16,45,Sales,106250,1
50,4,18,48,Sales,81020,1
59,31,16,52,Sales,181010,1
33,0,16,47,Finance,69557,0
52,1,14,40,Sales,58521,0
49,8,18,47,Finance,95223,1
50,11,16,60,IT,105010,1
38,6,16,35,HR,82352,1
33,8,18,45,IT,97275,1
41,20,12,41,Sales,128308,1
50,15,14,44,Finance,112122,1
41,19,16,36,Finance,132731,1
37,10,16,50,IT,105242,1
60,18,18,39,Sales,128707,1
39,15,16,50,HR,123167,1
35,14,14,57,Finance,109256,1
29,4,16,60,Finance,85342,1
30,1,12,50,Sales,65098,0
51,12,14,49,Finance,104461,1
43,3,12,43,Sales,64419,0
50,16,18,35,Sales,122737,1
53,22,14,43,HR,142778,1
29,2,16,45,Sales,75423,0
21,0,14,39,IT,58870,0
55,31,14,40,HR,168547,1
31,9,14,42,Sales,89514,1
54,21,12,49,Sales,129355,1
36,13,18,50,HR,115257,1
29,0,14,52,Finance,58692,0
52,20,16,46,HR,137043,1
35,2,14,57,Finance,75962,0
32,9,14,38,HR,88043,1
53,14,18,59,HR,126123,1
34,0,16,56,IT,69771,0
28,7,16,50,HR,88102,1
28,6,12,57,IT,80051,1
47,22,16,45,Sales,147464,1
32,11,16,56,Finance,103610,1
21,0,16,58,Finance,72367,0
60,9,14,56,IT,97546,1
31,9,12,41,Finance,82958,1
59,30,16,58,Finance,173178,1
51,10,16,49,HR,98286,1
37,15,16,51,IT,115177,1
53,8,14,49,Finance,88995,1
52,14,14,44,Sales,114105,1
49,13,12,38,IT,104829,1
41,18,18,56,HR,133300,1
41,8,12,51,Sales,84163,1
60,35,14,38,Finance,184788,1
43,20,16,56,Finance,134291,1
26,5,16,57,IT,89713,1
42,7,12,56,Finance,87801,1
58,23,16,45,IT,150721,1
57,7,14,38,Finance,86310,1
28,2,12,46,Sales,67531,0
55,29,18,57,HR,170545,1
31,9,14,44,Sales,96593,1
44,21,14,48,HR,133384,1
41,8,16,52,IT,93355,1
22,1,14,40,Finance,66128,0
60,3,14,39,Sales,73017,0
39,4,18,36,Finance,78833,0
59,7,16,59,IT,89589,1
48,0,14,47,HR,64934,0
37,5,16,57,Sales,91035,1
26,3,14,48,HR,71247,0
39,10,18,37,HR,97111,1
58,4,16,57,IT,87808,1
48,17,16,45,HR,121620,1
22,1,18,56,IT,81249,1
58,17,12,57,HR,123840,1
57,19,14,38,HR,130807,1
24,3,14,47,Sales,73753,0
42,12,12,60,IT,107178,1
46,4,16,42,Finance,82052,1
56,29,16,42,Finance,169611,1
33,0,18,57,Finance,70027,0
52,21,18,47,Sales,145413,1
37,13,18,57,Sales,116432,1
56,4,12,44,HR,73178,0
39,5,12,47,HR,74716,0
55,26,16,47,Finance,152115,1
60,24,18,58,HR,156266,1
48,27,16,51,HR,159145,1
21,0,12,40,Sales,60132,0
38,15,14,36,Finance,114750,1
60,11,16,51,IT,101863,1
53,19,12,46,Finance,119575,1
32,1,18,60,Sales,75066,0
28,1,14,57,Finance,68522,0
44,22,14,40,IT,133930,1
36,4,14,39,HR,72282,0
24,3,18,39,Finance,74531,0
58,22,14,59,Sales,145766,1
47,12,12,43,Sales,103648,1
29,0,16,56,Finance,64279,0
36,0,14,37,HR,58609,0
32,4,14,57,HR,77146,0
51,17,12,54,Sales,116188,1
44,7,18,39,Sales,95352,1
34,13,14,41,IT,102892,1
45,2,12,46,HR,60629,0
54,16,12,41,Finance,114955,1
23,0,18,44,Sales,66900,0
44,17,18,42,Sales,131435,1
29,6,16,51,Sales,88230,1
46,5,14,39,Sales,75004,0
40,7,16,49,HR,94190,1
60,7,12,43,Sales,82736,1
30,2,14,57,HR,76075,0
39,5,12,45,IT,76016,0
23,0,12,47,IT,57373,0
44,22,12,52,Finance,138061,1
25,1,18,51,Sales,77358,0
23,2,18,58,Finance,77598,0
47,16,14,43,HR,120702,1
36,0,12,44,Finance,60932,0
35,6,12,39,Finance,79075,0
55,28,14,45,Sales,162389,1
32,10,16,56,HR,99212,1
46,12,12,49,HR,102956,1
54,2,18,36,Sales,74668,0
43,18,16,55,HR,136475,1
51,14,16,54,IT,117577,1
40,4,16,58,Sales,88319,1
32,10,16,58,Sales,105127,1
43,21,16,48,Sales,136327,1
24,1,16,39,IT,65710,0
43,2,14,58,HR,69037,0
21,0,14,40,IT,59576,0
45,5,16,60,IT,90871,1
22,0,18,56,IT,71196,0
50,29,14,49,Finance,163877,1
23,0,14,38,HR,59925,0
41,8,16,44,HR,95322,1
45,18,18,53,Sales,131542,1
40,12,16,43,Sales,103194,1
42,5,18,55,Finance,94774,1
41,10,18,60,IT,107536,1
53,20,12,44,Sales,129987,1
58,26,14,38,HR,153955,1
35,13,16,56,Sales,111416,1
35,13,14,38,IT,102461,1
45,5,14,40,Finance,78539,0
41,5,18,60,IT,93900,1
44,16,14,42,Sales,119468,1
25,2,12,50,Finance,67265,0
26,0,16,42,Finance,62142,0
43,20,14,50,IT,134720,1
24,0,16,40,Sales,63020,0
47,23,14,51,IT,139683,1
38,6,16,35,Sales,79672,0
41,6,16,53,Sales,93876,1
48,20,16,52,HR,139638,1
55,0,14,51,Finance,63895,0
42,7,12,51,Sales,83474,1
60,4,16,46,IT,82538,1
43,18,18,46,IT,136104,1
23,0,18,40,HR,69688,0
60,18,18,41,HR,132842,1
30,6,12,42,HR,81583,1
45,14,16,37,Finance,108415,1
28,3,12,51,HR,68033,0
31,6,16,55,Finance,84550,1
25,3,12,42,HR,62243,0
57,26,16,45,Finance,155187,1
58,12,18,54,Sales,115001,1
49,13,16,52,HR,113352,1
25,4,12,50,Finance,73618,0
29,5,16,59,Sales,86685,1
22,1,14,47,HR,67937,0
21,0,16,43,Sales,68051,0
60,29,18,53,HR,176516,1
50,6,16,41,IT,84030,1
31,9,14,51,Finance,98740,1
48,15,14,42,IT,117166,1
32,11,14,42,Finance,97044,1
59,6,12,37,IT,75903,0
46,15,14,50,HR,111708,1
33,6,12,46,IT,77533,0
28,6,14,49,HR,78913,0
48,26,12,55,Finance,153066,1
50,12,14,38,HR,98218,1
29,6,14,57,IT,84594,1
59,34,16,41,Sales,178785,1
51,14,14,45,Finance,113044,1
41,2,16,58,Sales,74415,0
54,6,14,39,Sales,79179,0
51,29,14,47,Sales,165529,1
45,17,16,45,Sales,126414,1
32,1,16,39,Sales,67416,0
21,0,12,42,IT,56537,0
42,18,18,55,HR,133618,1
60,19,16,51,HR,129463,1
57,31,12,45,Sales,162023,1
21,0,14,53,IT,65216,0
21,0,16,52,Sales,67042,0
41,5,16,44,Sales,77936,0
35,12,14,39,Finance,103386,1
37,7,14,58,IT,88243,1
42,6,14,59,Sales,88250,1
58,19,14,59,HR,129325,1
55,17,18,35,Finance,128958,1
36,1,16,51,Sales,69017,0
28,6,14,51,Sales,81255,1
37,1,14,35,Sales,63155,0
37,7,18,59,IT,101127,1
46,20,16,35,Sales,127728,1
33,10,12,57,HR,96038,1
37,12,16,56,Finance,110860,1
58,8,12,43,IT,86715,1
37,16,18,59,Finance,127586,1
34,6,14,38,HR,82274,1
26,0,18,43,Sales,71505,0
55,0,16,48,IT,64219,0
34,1,14,49,Sales,64189,0
28,3,16,50,IT,81778,1
35,13,12,50,Sales,106638,1
47,3,16,47,HR,73593,0
33,1,18,48,HR,71945,0
51,7,18,56,Sales,98493,1
55,13,18,55,HR,116305,1
26,3,14,43,Sales,68392,0
25,0,16,57,IT,67699,0
42,9,14,43,HR,90987,1
43,16,16,55,IT,120805,1
45,7,12,38,Sales,81263,1
54,27,16,44,IT,160167,1
46,13,16,37,Finance,108059,1
25,4,16,55,Sales,82587,1
46,22,16,43,HR,137819,1
40,7,12,53,HR,87633,1
26,4,14,50,Finance,73282,0
26,1,18,50,Sales,75609,0
38,7,16,51,Sales,88920,1
24,0,18,52,Sales,71096,0
37,2,18,44,Sales,74350,0
34,0,18,55,IT,72806,0
34,3,18,53,Sales,79233,0
33,4,16,56,IT,85523,1
27,2,18,49,IT,78578,0
35,0,16,49,HR,66709,0
39,7,12,45,Sales,80862,1
55,1,14,42,IT,59228,0
37,16,14,56,Sales,117145,1
55,30,16,50,Finance,174369,1
39,4,16,44,IT,81332,1
40,8,14,43,HR,88542,1
56,33,18,49,Sales,184423,1
55,33,16,56,HR,182776,1
52,18,18,39,IT,130797,1
60,2,16,54,IT,79827,0
44,16,16,36,HR,122247,1
37,13,12,56,Sales,107022,1
27,5,12,50,IT,81445,1
21,0,14,52,Finance,63346,0
55,34,12,50,HR,176411,1
52,0,12,39,IT,50775,0
56,28,14,35,Sales,155111,1
33,3,18,53,IT,85401,1
26,4,12,44,Sales,74896,0
34,0,18,55,Sales,70892,0
57,16,14,47,IT,118211,1
35,11,16,57,Finance,108719,1
24,1,18,58,Sales,74294,0
60,25,14,57,HR,149016,1
36,7,18,57,Sales,100443,1
48,1,14,45,Sales,68431,0
36,10,14,49,Finance,98753,1
24,1,16,36,Sales,63077,0
46,15,18,40,IT,121814,1
48,25,16,55,Finance,156764,1
52,9,16,45,Sales,96158,1
22,1,18,49,IT,73346,0
51,11,18,43,IT,105031,1
23,1,14,46,Sales,65740,0
28,7,18,60,HR,96889,1
44,11,14,38,HR,102306,1
35,10,14,57,Sales,95769,1
51,19,14,58,Sales,130461,1
29,2,14,48,IT,70633,0
59,0,14,56,Sales,65341,0
22,0,14,37,Sales,61758,0
28,2,18,55,IT,83307,1
27,3,18,51,Sales,81458,1
59,29,12,47,Sales,162021,1
36,8,18,42,Sales,100922,1
55,0,16,46,IT,68261,0
50,9,12,46,Sales,89930,1
30,0,18,46,HR,70155,0
58,3,16,36,Sales,78013,0
38,14,18,44,HR,121212,1
25,2,14,57,Sales,71551,0
49,26,12,43,IT,145564,1
59,7,14,35,HR,82862,1
54,22,12,38,Sales,135895,1
43,14,12,57,Sales,106615,1
25,2,14,48,Sales,64983,0
50,6,12,50,Sales,83558,1
26,5,12,59,IT,82850,1
24,1,18,52,Finance,70219,0
49,22,16,36,HR,138084,1
43,9,14,40,Sales,94408,1
26,1,18,37,IT,68854,0
52,3,18,54,Finance,82159,1
38,14,14,53,IT,113465,1
35,10,12,47,Sales,90068,1
60,21,14,51,Finance,134331,1
52,2,16,48,HR,77443,0
29,2,16,56,HR,77189,0
57,32,14,45,IT,170429,1
30,0,18,50,HR,67943,0
40,16,14,45,HR,121455,1
26,1,16,52,Finance,69396,0
23,1,14,36,HR,62576,0
31,5,12,57,Finance,79325,0
37,9,14,55,Finance,91901,1
52,9,18,42,Finance,104810,1
24,0,12,48,HR,59365,0
24,1,16,36,IT,64556,0
37,11,14,47,IT,101106,1
39,16,18,44,HR,129133,1
25,2,18,42,Finance,74153,0
52,28,16,41,HR,164732,1
42,11,14,47,Sales,97293,1
26,3,18,60,IT,85995,1
55,17,12,58,Finance,118029,1
42,11,14,53,HR,101411,1
21,0,16,58,Finance,67652,0
40,1,12,49,Sales,58565,0
42,1,14,56,Finance,71687,0
31,10,18,36,Sales,103003,1
33,0,16,56,IT,63950,0
23,1,16,39,Finance,67380,0
29,1,14,53,HR,66923,0
32,5,16,35,Finance,82094,1
43,18,12,41,Finance,114630,1
34,9,14,52,Sales,93424,1
53,0,12,35,Sales,58581,0
38,3,16,35,HR,68954,0
29,8,16,41,IT,94700,1
43,3,16,51,IT,77249,0
30,1,12,59,Sales,66560,0
39,18,16,40,HR,124044,1
25,4,14,54,Finance,78845,0
43,11,18,46,HR,109854,1
50,9,14,54,HR,94299,1
45,12,18,49,HR,114574,1
48,21,16,47,IT,141641,1
54,22,14,46,Finance,138810,1
45,19,12,55,HR,125990,1
30,6,18,36,IT,90648,1
34,9,12,55,IT,92645,1
50,2,18,52,Sales,75175,0
45,22,16,38,Finance,140419,1
34,3,14,44,HR,73423,0
55,7,18,45,Finance,94754,1
54,17,14,55,Sales,121213,1
30,8,18,40,Sales,92226,1
55,5,18,40,HR,90355,1
31,10,16,43,IT,103455,1
31,3,18,54,Sales,79647,0
41,14,12,47,IT,107644,1
41,4,18,39,Sales,81453,1
42,4,18,40,Finance,80632,1
27,6,18,38,HR,88988,1
37,8,16,40,Sales,93658,1
22,0,14,52,Finance,68066,0
32,8,14,47,Sales,94737,1
38,9,16,57,HR,100427,1
31,9,12,37,Finance,87738,1
36,3,12,44,IT,68679,0
38,5,16,38,Sales,85101,1
55,23,14,59,Sales,146586,1
46,13,12,49,Finance,104487,1
36,8,16,46,HR,98720,1
26,0,14,49,Sales,66587,0
32,0,12,55,Finance,60117,0
33,12,12,59,HR,101084,1
24,3,16,60,Sales,85074,1
59,26,14,60,Finance,158796,1
22,0,12,44,HR,55805,0
46,8,16,46,Sales,95833,1
47,10,12,60,Sales,101920,1
47,2,14,56,HR,73547,0
35,9,18,42,HR,103944,1
28,3,12,55,Finance,73936,0
27,4,14,55,Sales,74258,0
60,2,12,37,Sales,58379,0
32,4,18,41,Finance,77741,0
33,9,18,52,Sales,104328,1
37,0,12,37,Sales,57816,0
37,13,16,49,Sales,111393,1
56,5,12,36,IT,71270,0
41,1,14,49,HR,62726,0
28,4,16,47,IT,75290,0
25,0,14,58,IT,62273,0
46,3,14,54,HR,77658,0
36,10,16,44,IT,102568,1
56,3,18,58,Finance,86389,1
48,4,14,58,IT,82268,1
49,27,12,58,Finance,159349,1
32,11,18,58,HR,115246,1
57,19,18,42,Sales,135706,1
50,8,16,50,HR,93902,1
43,22,12,59,HR,140360,1
36,12,12,50,IT,104085,1
34,1,18,36,HR,67712,0
30,0,14,43,HR,55923,0
27,0,14,42,Finance,62224,0
57,0,12,45,Sales,60458,0
49,21,18,60,IT,144241,1
23,2,18,35,Sales,71660,0
35,14,18,55,Sales,119871,1
56,33,16,45,Sales,185252,1
39,15,12,52,IT,110451,1
33,3,12,60,HR,67960,0
41,4,14,55,Sales,75617,0
57,26,14,49,IT,155056,1
47,21,12,58,HR,131506,1
49,18,12,43,Sales,114971,1
40,4,14,43,Finance,76251,0
45,1,12,35,IT,53706,0
26,2,14,41,Sales,64228,0
56,16,12,46,IT,111598,1
22,1,16,58,Finance,77269,0
42,2,16,44,IT,75545,0
52,12,18,53,HR,108929,1
36,6,12,50,Sales,80071,1
38,2,14,40,IT,65311,0
25,4,12,45,IT,73287,0
56,28,12,53,Sales,154774,1
50,9,18,59,Finance,108628,1
39,6,14,53,Finance,88709,1
43,8,12,52,Sales,84171,1
54,13,14,59,Sales,113413,1
33,3,12,49,HR,66637,0
49,19,18,50,IT,140031,1
56,27,14,48,IT,152481,1
42,13,12,42,Finance,99354,1
56,33,16,42,HR,180952,1
29,0,14,36,IT,54400,0
59,38,18,40,HR,205170,1
39,8,16,47,Sales,97806,1
58,27,14,47,IT,152409,1
26,1,14,55,Sales,65485,0
35,14,14,46,Finance,113198,1
40,16,14,36,Finance,111246,1
29,4,12,55,Sales,69968,0
52,22,12,54,Finance,132829,1
24,0,14,59,Sales,64082,0
38,9,18,46,Sales,102838,1
25,2,12,51,Sales,61413,0
40,19,14,40,Finance,122725,1
43,2,14,41,Finance,67783,0
31,8,18,40,Finance,92616,1
57,14,18,55,Sales,119817,1
42,12,18,38,HR,111751,1
24,1,16,55,Finance,74580,0
49,19,14,43,HR,128816,1
54,16,18,39,Finance,123340,1
33,6,14,44,IT,82933,1
29,5,12,49,IT,76818,0
51,12,14,42,IT,102413,1
27,3,14,57,HR,73137,0
24,0,16,38,Finance,61574,0
39,14,12,60,Sales,113974,1
50,3,12,39,HR,63422,0
51,27,16,41,Finance,161821,1
55,14,18,40,IT,112051,1
41,13,18,47,HR,112944,1
51,20,14,53,Finance,133964,1
39,10,16,44,Sales,101686,1
51,23,18,49,HR,152030,1
52,30,12,37,Sales,159795,1
22,1,16,52,HR,70366,0
30,2,18,48,IT,74058,0
22,1,12,37,IT,60968,0
22,1,16,45,IT,69183,0
44,9,14,44,Sales,96778,1
37,12,14,51,IT,105921,1
52,19,12,47,Sales,123610,1
36,12,18,59,Sales,111335,1
36,9,18,36,Sales,99721,1
59,28,16,47,IT,159274,1
51,22,12,53,Finance,141148,1
44,17,18,39,Sales,132140,1
21,0,14,50,Finance,66759,0
31,4,12,44,Sales,72356,0
41,15,14,46,IT,119275,1
24,2,12,54,IT,69907,0
27,1,16,47,IT,71609,0
46,8,18,55,HR,97643,1
32,11,18,50,IT,111499,1
51,29,18,56,Finance,170774,1
37,0,14,55,Sales,64744,0
53,17,18,60,Finance,135748,1
31,5,12,35,HR,71102,0
48,20,14,56,Finance,130129,1
52,0,16,43,Sales,62573,0
21,0,14,50,Sales,62622,0
48,16,16,53,IT,124132,1
27,2,14,49,HR,71283,0
22,1,18,52,HR,70989,0
44,14,16,56,Finance,120821,1
24,3,18,46,IT,84253,1
39,14,14,48,IT,115615,1
46,21,16,37,IT,133280,1
31,5,12,38,Sales,73851,0
60,31,12,40,HR,168753,1
31,9,14,50,Finance,96366,1
23,1,16,47,Finance,73695,0
32,5,12,46,Finance,70433,0
23,0,18,56,IT,73864,0
47,25,18,46,HR,153425,1
22,0,14,36,HR,55839,0
36,10,18,47,Sales,104288,1
22,0,18,37,Sales,64949,0
50,22,18,47,Sales,145466,1
40,10,12,59,Finance,94611,1
58,1,16,36,Finance,63891,0
48,1,14,53,HR,66683,0
45,5,16,43,Sales,81661,1
52,22,16,54,Finance,147334,1
30,2,16,35,Sales,64744,0
60,28,12,47,Sales,156228,1
53,2,18,36,HR,78171,0
33,6,14,49,HR,83625,1
57,6,16,53,Finance,90731,1
36,3,18,59,HR,80978,1
42,4,12,59,Sales,77010,0
40,16,16,50,HR,126628,1
47,25,18,45,Sales,158334,1
36,3,12,49,Sales,70106,0
54,22,18,40,Finance,148985,1
52,12,14,48,Finance,108872,1
46,15,18,40,Finance,125430,1
45,15,18,53,Sales,128041,1
22,0,14,39,HR,62368,0
32,1,14,45,Finance,61954,0
60,0,18,38,Finance,71206,0
29,1,14,60,HR,71893,0
32,9,18,60,HR,109430,1
46,7,16,43,Finance,86031,1
29,7,18,43,Sales,93436,1
30,7,12,51,Sales,82465,1
52,14,14,42,Finance,112860,1
54,16,16,49,HR,124574,1
40,11,14,43,Sales,95269,1
59,9,14,39,HR,95785,1
22,1,14,38,IT,61091,0
21,0,12,60,HR,60119,0
56,5,12,54,HR,74815,0
44,7,18,52,IT,98352,1
47,12,12,43,Sales,94276,1
22,1,14,55,Sales,64941,0
51,28,16,37,Sales,156304,1
34,2,16,56,Finance,79736,0
22,1,16,43,IT,70454,0
49,9,14,43,HR,93348,1
35,3,12,55,IT,73246,0
32,11,16,58,IT,112641,1
57,19,14,38,IT,125320,1
48,23,14,55,IT,142425,1
40,3,16,41,IT,73773,0
59,6,16,41,IT,80970,1
44,9,18,57,Finance,103017,1
41,14,18,42,IT,115665,1
30,0,14,55,IT,61227,0
34,3,18,35,Sales,77976,0
57,24,18,43,IT,151926,1
38,15,16,59,IT,125062,1
44,4,18,57,Sales,88164,1
34,2,14,46,Sales,67614,0
54,3,16,40,Sales,71203,0
32,5,18,47,HR,90221,1
42,16,18,39,IT,126130,1
26,0,18,55,IT,72041,0
56,13,12,53,IT,100453,1
56,8,18,60,Sales,97691,1
42,14,18,35,Finance,116566,1
34,4,14,56,IT,82248,1
36,1,18,58,Sales,75332,0
56,19,12,52,Sales,121933,1
45,7,16,42,Sales,89894,1
52,31,18,58,HR,186253,1
53,20,18,60,Sales,142522,1
56,18,14,42,Finance,127264,1
40,5,18,60,HR,92360,1
38,3,18,49,Sales,78226,0
58,28,18,53,Finance,174729,1
23,1,18,44,Finance,71248,0
43,2,16,58,IT,72305,0
52,0,14,50,Sales,64364,0
36,11,16,45,Sales,100183,1
25,4,12,46,IT,67888,0
24,1,18,50,Finance,70692,0
41,6,12,50,Sales,77128,0
60,16,16,54,IT,124587,1
34,7,12,37,IT,78051,0
59,18,18,43,Finance,127231,1
51,6,12,42,Finance,82003,1
34,11,16,44,Sales,99748,1
26,2,18,47,Sales,74375,0
32,2,14,52,HR,70837,0
36,9,16,47,Finance,98985,1
37,13,18,47,HR,112234,1
43,2,14,49,HR,72348,0
34,11,12,47,IT,92102,1
27,1,12,50,IT,61069,0
52,29,12,42,Sales,162371,1
35,9,18,53,Finance,105716,1
37,6,12,44,Finance,82726,1
54,30,12,46,HR,162447,1
25,4,14,48,HR,75418,0
47,2,14,40,Sales,66216,0
43,17,14,55,IT,124891,1
60,13,18,58,Finance,119131,1
34,12,16,43,Finance,110114,1
35,3,12,41,Finance,69648,0
53,26,12,40,Finance,149431,1
51,23,18,56,IT,148779,1
55,28,12,35,Sales,149854,1
37,12,18,55,Sales,114364,1
48,21,18,48,IT,140043,1
39,7,18,58,Sales,95233,1
43,14,16,40,Sales,113083,1
52,16,18,46,HR,128752,1
60,4,16,51,IT,83874,1
33,3,16,39,Sales,74471,0
40,3,12,45,HR,65645,0
55,10,14,39,IT,95144,1
25,1,16,46,IT,70367,0
29,0,16,37,Finance,58938,0
49,14,14,58,HR,116813,1
26,5,16,43,HR,85591,1
45,22,14,40,HR,137035,1
51,20,12,56,IT,128009,1
42,15,18,36,Finance,123884,1
22,0,14,60,IT,66048,0
25,0,18,36,Sales,63759,0
47,10,14,56,Sales,95075,1
45,1,18,46,Sales,72924,0
28,2,12,42,Finance,68251,0
21,0,16,36,IT,66950,0
40,12,12,43,HR,95741,1
43,3,16,50,Sales,76645,0
52,26,18,59,Sales,165375,1
31,8,18,49,IT,100757,1
59,4,16,48,HR,83581,1
44,18,14,54,Finance,122687,1
31,5,12,38,Sales,70027,0
49,2,14,38,Sales,66805,0
46,20,18,45,Sales,141204,1
36,2,12,55,HR,69765,0
55,5,12,58,Sales,79497,0
40,9,14,52,HR,92040,1
23,0,16,39,Sales,66435,0
21,0,16,36,Sales,62150,0
21,0,12,49,HR,54659,0
37,2,16,45,HR,74130,0
22,1,18,58,Finance,77692,0
49,23,14,51,IT,141363,1
40,6,14,50,Sales,79463,0
26,5,14,49,Sales,82871,1
28,5,12,57,IT,81807,1
49,17,12,37,IT,110518,1
53,31,16,54,IT,177787,1
23,2,14,49,Sales,66313,0
55,22,18,58,Sales,154414,1
25,0,18,53,Sales,69020,0
47,24,14,47,HR,144491,1
32,3,12,50,Finance,66381,0
40,6,12,57,Finance,86031,1
40,13,12,46,IT,105662,1
29,6,18,51,IT,92301,1
59,17,14,50,Sales,124756,1
24,3,18,43,Finance,78243,0
39,0,14,40,Finance,63989,0
58,35,18,53,HR,195529,1
47,15,18,57,Sales,123810,1
33,1,16,47,Sales,74378,0
33,7,18,55,Finance,101969,1
42,9,14,58,Finance,97416,1
48,15,18,42,HR,118631,1
42,10,16,46,HR,101287,1
39,5,16,43,Sales,81953,1
28,0,14,56,HR,62079,0
28,5,16,38,Finance,85459,1
46,11,16,47,Sales,106905,1
46,24,12,36,Finance,143389,1
43,5,14,37,Sales,77156,0
33,11,16,39,Sales,97354,1
48,12,16,58,Finance,115707,1
29,0,16,60,Sales,68665,0
40,0,14,52,Sales,65327,0
39,7,12,55,HR,81114,1
59,23,18,48,Finance,146599,1
32,9,12,59,Finance,95765,1
35,14,14,36,HR,109755,1
51,6,14,49,Sales,85809,1
34,6,14,42,IT,85387,1
31,9,18,50,IT,98513,1
46,3,14,37,Finance,73331,0
47,24,12,58,HR,140411,1
31,1,16,54,Sales,74174,0
58,9,16,54,HR,99159,1
54,18,14,57,Sales,123761,1
39,13,14,39,Finance,104833,1
26,4,18,38,Finance,83781,1
58,14,16,57,IT,118674,1
48,15,18,46,HR,126914,1
21,0,18,53,Finance,72771,0
55,1,18,49,HR,78637,0
60,28,18,59,Finance,167279,1
28,3,12,47,Sales,72053,0
27,4,14,39,Sales,69195,0
31,1,14,46,IT,64525,0
59,28,18,53,Finance,170834,1
24,2,18,36,IT,70936,0
45,16,12,41,IT,112363,1
32,9,18,57,Finance,105051,1
46,20,12,39,Finance,129521,1
58,14,12,54,Sales,112897,1
32,11,18,45,IT,110297,1
57,30,14,52,Sales,163806,1
44,20,12,52,HR,127730,1
36,11,14,41,HR,95654,1
33,10,14,44,IT,96778,1
45,8,12,57,IT,89364,1
24,1,16,54,Finance,74177,0
31,9,12,48,Finance,86560,1
52,5,16,54,IT,88784,1
27,2,12,54,IT,69748,0
31,3,12,45,HR,67979,0
48,19,14,36,Sales,125346,1
43,16,14,47,HR,121576,1
43,18,18,47,HR,128818,1
48,2,14,43,Sales,71593,0
46,13,14,51,IT,104057,1
45,16,14,49,IT,118605,1
49,12,14,58,HR,104997,1
39,8,18,56,HR,103812,1
53,26,14,60,Sales,161431,1
56,0,16,57,Finance,70898,0
34,8,16,55,Finance,94513,1
34,0,18,56,IT,73024,0
55,33,14,56,Finance,179917,1
50,13,16,50,IT,112564,1
48,21,12,59,IT,131087,1
37,16,16,44,IT,123481,1
23,2,14,54,Sales,66944,0
36,1,16,46,HR,71536,0
50,7,12,39,Finance,78636,0
49,24,16,54,Sales,152363,1
35,12,14,51,Finance,102004,1
45,1,12,44,Sales,64102,0
58,33,18,40,Finance,182564,1
58,25,12,55,Finance,148226,1
43,8,16,54,HR,93156,1
45,19,18,40,Finance,131202,1
27,4,12,46,Sales,71014,0
42,5,12,55,Finance,81677,1
37,11,12,53,HR,95901,1
38,8,14,36,Finance,86927,1
30,6,18,47,Sales,90707,1
30,9,18,56,Finance,108558,1
27,0,12,54,HR,61737,0
58,36,18,45,HR,194556,1
47,15,16,49,HR,114397,1
53,11,16,47,HR,107231,1
21,0,12,60,IT,61963,0
54,23,16,37,HR,146568,1
24,1,12,48,Finance,58215,0
37,8,16,42,Finance,93896,1
24,2,12,43,Finance,67002,0
46,6,12,49,Finance,79562,0
24,0,18,57,IT,77473,0
21,0,18,52,IT,69941,0
27,6,12,42,IT,80347,1
50,18,18,45,Finance,135948,1
29,3,18,39,Sales,75762,0
55,22,14,49,Sales,136367,1
28,2,16,49,Finance,75014,0
44,20,18,60,HR,145413,1
39,11,12,41,HR,92448,1
56,34,14,55,Finance,184234,1
47,16,14,52,HR,123428,1
52,6,18,46,HR,93999,1
34,5,12,46,Sales,71879,0
38,9,12,38,Finance,89515,1
48,22,12,45,IT,129634,1
49,14,12,55,Sales,108620,1
36,13,12,40,Finance,99012,1
55,33,16,55,Finance,185105,1
51,12,12,44,Sales,101047,1
24,3,12,49,HR,72248,0
57,3,16,35,HR,74545,0
37,0,18,51,Sales,72332,0
59,33,14,37,Finance,170832,1
46,1,16,59,IT,77345,0
59,35,14,45,Finance,188730,1
24,2,14,52,IT,66507,0
50,16,16,44,IT,126072,1
50,27,12,55,Finance,155653,1
42,13,14,43,Finance,106558,1
31,1,12,41,Finance,60726,0
22,1,18,45,IT,72089,0
32,10,16,42,HR,103410,1
50,24,14,36,IT,145579,1
56,12,12,39,IT,98603,1
38,0,14,43,IT,62990,0
46,24,18,35,Sales,148344,1
27,6,18,51,HR,91601,1
21,0,14,44,IT,65088,0
46,1,16,42,IT,67403,0
43,1,18,52,Sales,78696,0
46,20,12,59,IT,136402,1
26,4,18,44,HR,85749,1
26,4,12,43,IT,70862,0
28,3,14,38,HR,65757,0
44,11,12,36,HR,90692,1
42,2,14,53,Finance,72671,0
39,9,18,44,Sales,103259,1
57,17,16,51,Sales,126082,1
38,9,18,37,Sales,93619,1
51,0,18,55,Finance,72957,0
57,5,18,53,Finance,86820,1
50,10,18,53,HR,109823,1
53,19,16,60,Sales,131566,1
30,4,18,56,Finance,84933,1
57,20,12,53,Finance,125685,1
32,4,16,53,Finance,83665,1
50,17,16,49,HR,128935,1
47,20,12,59,IT,128832,1
59,18,14,52,Finance,131221,1
29,3,18,51,Finance,78218,0
41,12,16,44,Finance,105890,1
32,1,18,58,Sales,73447,0
49,19,18,48,Sales,132258,1
53,28,12,53,Finance,154462,1
35,8,12,57,HR,88486,1
22,1,12,52,IT,60277,0
59,12,18,45,Sales,110310,1
38,16,16,45,IT,116978,1
23,0,16,46,Finance,61447,0
27,5,14,42,Sales,79775,0
38,0,18,50,IT,66263,0
58,16,14,59,Finance,123802,1
57,20,14,58,Sales,138403,1
53,21,14,42,Finance,132842,1
51,14,14,58,Sales,116046,1
31,1,14,48,IT,70653,0
24,2,18,57,IT,80300,1
38,15,12,52,Sales,116728,1
24,2,14,58,HR,69405,0
54,31,16,55,Finance,175140,1
49,16,18,56,IT,132899,1
44,3,14,38,HR,65029,0
42,11,16,51,Sales,109929,1
22,0,14,47,IT,60818,0
26,3,12,39,IT,62014,0
45,20,18,37,Finance,137949,1
41,0,12,43,HR,57506,0
36,0,16,54,Finance,63214,0
51,6,14,60,Sales,87305,1
34,8,12,52,IT,86088,1
59,0,12,54,HR,64098,0
48,15,14,53,Finance,112102,1
52,17,18,53,HR,131241,1
48,21,16,55,Sales,143575,1
29,5,18,50,IT,87631,1
42,1,16,35,HR,65842,0
52,8,16,39,Sales,92860,1
25,3,12,58,Sales,73557,0
43,12,14,49,IT,106192,1
25,2,18,60,Finance,81499,1
52,12,12,46,IT,97355,1
30,2,12,59,IT,67639,0
59,7,12,35,HR,78951,0
35,6,18,48,HR,89738,1
27,0,12,52,Finance,63308,0
49,15,14,52,Sales,111897,1
23,2,12,40,HR,66676,0
39,16,12,35,Finance,109174,1
30,1,16,51,IT,74434,0
48,27,12,52,Sales,155621,1
49,26,18,49,IT,158353,1
35,14,18,46,Sales,123005,1
55,16,14,47,HR,122254,1
26,2,18,54,IT,82964,1
32,4,18,36,IT,82481,1
58,15,12,38,Sales,108899,1
33,9,14,37,Finance,86415,1
49,13,18,53,Sales,119367,1
39,1,14,59,HR,65410,0
23,2,14,42,Finance,65734,0
28,7,16,46,IT,90755,1
28,6,16,46,IT,82354,1
40,9,12,44,IT,86492,1
24,1,18,59,HR,78065,0
41,4,12,35,IT,69718,0
23,0,12,39,IT,57608,0
28,1,14,54,Finance,67002,0
43,21,14,45,HR,137852,1
36,11,14,43,IT,95664,1
33,6,12,48,Finance,81219,1
23,1,18,37,IT,74685,0
29,8,12,39,Finance,81004,1
34,0,12,58,IT,60358,0
33,3,12,60,HR,73036,0
27,3,16,55,Sales,83430,1
35,11,16,43,HR,100217,1
27,0,18,52,Finance,67366,0
58,36,16,40,IT,185572,1
54,23,12,55,HR,140463,1
42,11,16,59,IT,108520,1
44,0,16,41,HR,67048,0
57,19,12,50,Finance,121250,1
21,0,18,42,Sales,66411,0
30,8,16,57,HR,96556,1
36,12,12,44,IT,101554,1
28,0,12,60,IT,60554,0
45,16,12,39,IT,109118,1
32,3,14,45,Finance,72140,0
45,13,12,55,Finance,106036,1
37,6,16,47,Sales,85088,1
46,2,16,54,IT,71054,0
34,0,12,36,Sales,52650,0
56,31,14,48,IT,169279,1
43,14,14,43,HR,105093,1
26,2,14,44,HR,72969,0
25,1,16,44,HR,73372,0
45,1,14,44,IT,68638,0
38,3,18,60,HR,84461,1
33,0,18,53,IT,71640,0
34,0,14,45,Sales,62132,0
48,27,18,45,Finance,167341,1
38,7,12,37,HR,82583,1
48,22,14,53,IT,143049,1
47,13,14,58,IT,111653,1
52,23,14,56,Sales,145197,1
29,3,12,35,Sales,66969,0
60,37,12,46,Finance,187632,1
52,30,14,49,Sales,169234,1
40,18,16,48,Finance,132520,1
48,26,16,37,Finance,158967,1
53,28,18,54,Sales,170990,1
24,3,12,47,Finance,64273,0
54,5,18,52,HR,87801,1
23,2,18,50,Finance,74360,0
46,22,14,40,IT,135067,1
28,6,16,44,IT,82644,1
26,5,18,51,IT,89287,1
36,14,14,51,Sales,112479,1
44,11,12,42,IT,93453,1
59,7,18,38,Sales,93280,1
50,22,16,49,IT,145481,1
33,1,12,35,Finance,59060,0
25,4,14,41,Sales,76512,0
45,7,12,59,IT,87119,1
40,19,18,44,Finance,136560,1
38,15,12,41,Sales,105570,1
38,3,12,35,Finance,65910,0
22,0,12,51,Finance,64194,0
30,3,16,46,Finance,71494,0
32,5,18,51,Sales,92566,1
33,10,14,49,Sales,98554,1
31,3,16,58,HR,80814,1
39,15,18,50,HR,123186,1
55,22,14,57,HR,141743,1
59,20,14,48,HR,135980,1
46,12,14,37,Sales,103974,1
34,4,18,53,HR,82652,1
44,14,14,46,IT,106460,1
21,0,14,53,HR,64515,0
42,7,16,52,IT,89932,1
43,6,14,48,IT,86888,1
39,13,12,54,Finance,106313,1
38,6,16,57,Finance,92070,1
32,5,16,43,Finance,84270,1
48,6,18,37,HR,83430,1
48,22,14,60,Sales,144777,1
53,29,12,57,IT,167076,1
39,17,12,46,Sales,121570,1
48,9,14,54,Sales,96101,1
57,17,14,51,HR,124715,1
46,13,18,39,Sales,117266,1
55,9,12,42,Sales,86966,1
54,29,16,53,Finance,170513,1
55,25,18,60,Finance,163926,1
60,6,18,38,IT,84985,1
36,6,16,49,IT,85640,1
58,4,18,53,Finance,87189,1
33,0,14,49,HR,64105,0
43,13,16,60,HR,112002,1
42,17,16,48,IT,121645,1
36,12,12,50,Finance,98612,1
48,24,16,58,HR,149908,1
55,7,18,44,Sales,90470,1
28,1,12,58,IT,61861,0
42,16,18,48,IT,131187,1
41,5,14,54,Sales,84451,1
46,14,14,45,Sales,109158,1
60,14,12,36,IT,105777,1
41,15,12,53,Sales,114009,1
45,7,18,37,HR,87065,1
21,0,14,38,IT,56469,0
26,2,12,45,HR,61943,0
43,19,14,47,IT,133024,1
43,14,14,52,HR,115936,1
43,2,14,52,Finance,72163,0
52,5,18,53,HR,91916,1
50,29,18,46,Sales,176299,1
33,8,14,35,Finance,84548,1
38,7,14,58,IT,88942,1
43,15,14,40,HR,111639,1
35,14,16,37,IT,111302,1
53,31,16,51,Finance,176924,1
41,12,18,37,Sales,111873,1
59,14,14,35,Sales,103787,1
43,17,16,37,Sales,125901,1
47,12,12,38,IT,99903,1
38,7,12,40,Sales,80319,1
44,13,14,41,Sales,103590,1
60,27,16,57,IT,159461,1
27,2,12,59,IT,72352,0
40,5,18,42,Finance,82204,1
47,23,12,47,Sales,138974,1
26,0,18,38,Finance,63143,0
47,0,12,40,HR,53410,0
29,8,12,45,HR,85493,1
51,1,16,35,HR,69634,0
41,12,12,42,HR,95433,1
46,0,12,56,IT,56685,0
60,31,18,36,Finance,173904,1
33,7,18,42,Finance,93457,1
43,3,12,54,IT,72789,0
40,1,14,43,HR,62621,0
57,20,12,38,Finance,128743,1
48,25,12,51,Sales,148737,1
37,15,16,41,IT,113396,1
48,2,12,44,IT,69063,0
22,0,12,39,Sales,60426,0
45,4,18,44,HR,87957,1
26,1,18,46,HR,77442,0
31,7,18,55,Finance,94492,1
58,24,18,54,Sales,160733,1
26,3,12,40,Finance,70423,0
31,10,14,35,HR,92833,1
34,0,16,37,Finance,58638,0
22,0,16,41,Sales,67463,0
60,14,14,45,Sales,106268,1
23,0,14,58,Sales,63256,0
55,33,16,46,HR,183205,1
53,16,12,43,IT,110021,1
44,19,16,35,IT,129553,1
39,8,14,38,IT,92326,1
38,11,12,36,Finance,88313,1
44,3,16,36,Sales,73007,0
55,12,12,51,HR,100790,1
21,0,12,55,IT,63882,0
56,3,14,36,IT,70293,0
45,6,18,38,Finance,86264,1
54,8,16,59,Finance,100305,1
45,22,14,45,IT,137602,1
36,0,16,53,Sales,64004,0
54,32,18,58,Sales,183212,1
49,19,18,60,Finance,141631,1
39,3,18,47,Finance,76251,0
43,0,18,56,Sales,74428,0
39,9,16,60,Finance,106072,1
45,1,12,55,Finance,66831,0
36,10,12,52,Sales,90401,1
29,4,18,53,Sales,85444,1
21,0,18,58,HR,74828,0
39,14,12,49,Finance,106840,1
53,24,14,46,Finance,142352,1
54,8,18,59,HR,99492,1
36,0,12,45,Finance,55223,0
60,20,14,57,Finance,135676,1
38,12,12,35,IT,93522,1
54,2,14,50,IT,69670,0
45,3,16,47,IT,81222,1
26,3,14,40,HR,69688,0
41,10,18,57,Finance,103703,1
26,3,14,40,HR,72528,0
52,6,14,44,HR,84350,1
59,25,18,36,Finance,156196,1
51,10,16,59,Sales,108218,1
30,7,14,37,Sales,84562,1
50,10,16,40,Finance,101978,1
38,9,12,50,Sales,88275,1
44,4,12,40,IT,68639,0
29,6,18,58,Finance,98182,1
51,18,16,47,HR,125538,1
35,2,18,38,IT,70250,0
24,2,18,49,HR,73139,0
60,11,14,40,Sales,101300,1
29,3,12,35,Finance,66857,0
29,5,18,43,IT,87975,1
46,14,14,46,Finance,115657,1
24,0,14,59,IT,63608,0
37,13,16,57,IT,114793,1
36,11,12,45,IT,92257,1
35,12,16,47,Finance,104644,1
55,20,16,35,IT,129405,1
25,2,18,53,IT,75715,0
25,3,16,55,Finance,76276,0
40,4,18,38,HR,77850,0
35,13,16,39,Sales,107744,1
38,17,14,57,Finance,124506,1
22,1,12,59,Finance,63834,0
49,26,12,51,IT,151148,1
33,10,12,39,Finance,94065,1
24,0,14,53,Finance,68190,0
30,6,14,37,Sales,76222,0
51,1,16,45,Finance,71284,0
28,5,16,36,IT,80652,1
23,0,16,56,Sales,65976,0
29,5,16,48,Finance,83737,1
50,22,12,40,IT,134333,1
31,4,16,53,Sales,83211,1
55,24,14,35,Finance,147384,1
57,3,14,41,IT,66090,0
33,12,14,36,Sales,103308,1
56,13,18,58,IT,115318,1
33,7,18,53,Sales,96993,1
32,7,18,35,Finance,91310,1
57,23,16,60,HR,147488,1
30,1,12,43,Sales,64159,0
29,2,12,55,Finance,68138,0
27,0,16,51,Sales,67470,0
22,0,16,44,HR,63238,0
43,6,18,40,IT,86303,1
59,12,14,60,HR,103308,1
60,26,14,37,HR,147238,1
59,4,18,54,IT,83396,1
41,3,18,58,HR,79361,0
43,9,12,49,Finance,89020,1
49,12,18,55,Sales,117459,1
34,9,14,56,HR,96032,1
46,13,14,60,Sales,107145,1
25,1,16,54,Sales,72714,0
51,21,12,40,IT,134088,1
45,11,16,37,HR,99868,1
51,26,12,44,IT,151115,1
40,0,16,46,IT,70562,0
37,6,12,35,Sales,71315,0
22,0,18,56,Finance,69705,0
45,7,14,50,Sales,90540,1
33,10,18,51,IT,106198,1
59,12,12,44,HR,97404,1
48,13,12,46,Finance,99429,1
26,3,16,53,Finance,75197,0
23,0,12,42,HR,55014,0
55,21,18,57,HR,144084,1
38,17,12,42,Finance,117323,1
31,10,12,44,IT,94923,1
40,15,16,44,Finance,113388,1
25,2,12,52,Finance,70367,0
39,1,16,44,Finance,70131,0
42,2,14,41,IT,68301,0
39,3,16,38,HR,75999,0
36,5,12,35,HR,73421,0
44,4,14,45,HR,77538,0
24,1,12,53,IT,61239,0
35,3,16,39,IT,72274,0
45,1,18,60,HR,75025,0
55,11,14,42,Sales,96117,1
34,10,18,36,Sales,100178,1
39,4,18,36,HR,85043,1
58,36,14,58,Sales,194678,1
56,26,18,48,Sales,159497,1
27,6,18,43,HR,92424,1
50,0,18,44,HR,70648,0
39,3,18,47,IT,76877,0
45,20,14,35,Sales,130266,1
36,7,12,48,Sales,86611,1
60,30,18,36,HR,172870,1
28,3,14,38,Finance,71896,0
38,15,14,53,HR,118753,1
48,23,14,35,IT,142578,1
36,0,14,38,Finance,62067,0
39,9,16,45,Finance,92013,1
37,16,12,47,Finance,116497,1
33,0,12,52,IT,58786,0
27,1,18,44,Sales,71175,0
47,1,14,39,HR,58203,0
30,8,16,35,IT,88790,1
54,3,14,48,IT,75830,0
56,10,18,50,Finance,110794,1
45,16,12,58,Finance,117226,1
26,3,18,60,IT,87040,1
44,1,18,52,Sales,76260,0
38,5,18,37,Finance,83573,1
43,8,18,37,IT,99934,1
26,4,18,38,Finance,86081,1
49,19,18,41,HR,136387,1
45,20,18,47,HR,141477,1
37,8,12,43,HR,83133,1
44,22,12,37,Finance,136987,1
31,7,14,51,Finance,84186,1
46,19,14,49,Sales,131743,1
54,26,16,44,HR,155992,1
48,7,16,49,Sales,87397,1
23,1,12,35,IT,55285,0
31,4,12,56,IT,78979,0
58,27,16,55,HR,160959,1
34,6,12,44,Sales,74461,0
46,5,16,41,Finance,86247,1
41,2,14,41,Sales,71079,0
59,4,12,37,IT,65640,0
50,8,12,41,Sales,87197,1
28,6,16,43,IT,89885,1
40,3,18,42,IT,79763,0
52,6,18,37,Sales,89420,1
42,4,14,60,Finance,82667,1
27,2,12,39,IT,57818,0
29,1,12,47,Sales,57813,0
21,0,16,47,IT,69905,0
49,12,18,42,HR,109834,1
28,5,18,52,Finance,91603,1
24,3,14,41,HR,69273,0
55,6,18,44,IT,86489,1
23,1,18,44,Finance,70080,0
60,38,18,57,Sales,201323,1
27,1,16,45,Sales,69679,0
47,21,18,46,Finance,140940,1
21,0,14,47,HR,66278,0
47,24,18,42,HR,148623,1
36,11,14,51,Finance,98343,1
58,19,16,58,Sales,137904,1
27,6,16,48,Finance,91864,1
43,2,14,51,HR,67079,0
31,4,16,53,IT,78600,0
53,0,12,50,Sales,61999,0
56,14,12,43,Finance,104883,1
57,25,12,54,IT,151915,1
37,2,12,44,HR,66585,0
55,33,12,43,Sales,174994,1
25,3,16,35,Finance,74158,0
52,4,14,58,HR,78239,0
23,2,16,37,Finance,65925,0
55,12,18,45,Finance,109236,1
34,10,12,41,Sales,89706,1
51,0,12,52,HR,57374,0
51,21,16,47,HR,139232,1
37,14,18,57,IT,125783,1
44,17,16,57,HR,132383,1
43,15,14,59,HR,115934,1
38,8,12,52,Sales,89487,1
34,0,16,50,IT,63492,0
35,10,14,58,Sales,104539,1
35,8,12,50,HR,91767,1
26,2,12,55,IT,63182,0
47,12,12,44,Sales,103020,1
35,9,18,43,IT,99882,1
56,1,16,42,HR,67847,0
28,5,12,53,IT,74640,0
35,5,12,37,IT,67700,0
23,2,14,60,IT,69093,0
33,1,16,58,HR,71672,0
54,15,14,43,HR,117024,1
44,20,16,36,IT,133134,1
60,28,12,53,Sales,153436,1
52,11,18,42,Sales,102700,1
52,10,14,52,HR,103458,1
50,5,18,42,Finance,83855,1
33,2,18,39,Sales,78210,0
21,0,18,40,IT,70516,0
54,13,16,44,Finance,110641,1
35,11,16,49,HR,107708,1
34,1,18,38,Sales,67427,0
49,10,12,37,Finance,93362,1
54,21,12,58,HR,135148,1
38,2,18,43,HR,71343,0
27,1,14,50,IT,70078,0
49,0,14,50,Sales,63674,0
51,29,16,49,Finance,168395,1
45,23,14,58,IT,142769,1
58,0,12,43,Sales,56548,0
34,11,18,51,Finance,105079,1
28,6,14,55,HR,81270,1
47,4,18,46,HR,84362,1
22,0,14,57,Sales,61053,0
37,5,16,42,IT,78659,0
57,26,12,48,Finance,147846,1
34,11,16,52,Finance,108082,1
45,11,18,46,HR,105740,1
50,2,12,48,Sales,60508,0
49,22,12,54,IT,136654,1
40,1,16,57,HR,76747,0
41,6,14,39,HR,82778,1
42,1,16,35,IT,64360,0
55,31,18,47,Finance,177089,1
57,31,14,48,Finance,166217,1
36,10,16,36,Sales,93140,1
37,10,16,50,HR,101444,1
36,13,14,39,Sales,102274,1
22,0,14,56,Finance,68629,0
24,1,14,35,IT,62678,0
41,10,16,46,Finance,101284,1
59,35,14,53,Finance,188379,1
54,16,14,56,HR,118166,1
50,15,14,56,Finance,113865,1
26,2,12,57,Sales,72084,0
37,9,18,44,IT,99404,1
59,17,14,46,HR,124846,1
45,2,18,53,IT,78101,0
25,1,14,50,Sales,70256,0
25,3,14,51,Sales,72253,0
40,8,12,47,Finance,90594,1
36,13,12,41,Sales,106742,1
57,10,14,37,Finance,91690,1
60,32,14,39,HR,174317,1
29,3,14,38,IT,65157,0
25,1,18,49,Finance,78987,0
22,0,14,51,Finance,64521,0
29,5,18,46,HR,83346,1
56,21,12,57,Sales,136246,1
42,21,18,48,Finance,141132,1
42,4,14,38,Sales,72477,0
42,2,12,51,Finance,71132,0
54,1,16,45,Sales,73903,0
49,2,12,40,Finance,58048,0
58,8,16,38,IT,94759,1
53,17,18,47,IT,126453,1
38,10,12,54,IT,93941,1
27,3,12,49,Finance,66268,0
21,0,12,52,Sales,63183,0
53,2,18,51,HR,80757,1
21,0,14,53,HR,64723,0
44,17,18,44,HR,133341,1
24,3,12,39,IT,61428,0
24,1,14,46,IT,63552,0
38,6,12,59,IT,78051,0
47,0,12,49,Sales,55972,0
52,5,16,57,IT,85637,1
53,17,12,38,Sales,118325,1
48,12,18,42,Sales,114057,1
56,21,18,54,Sales,141557,1
26,2,18,56,Finance,83490,1
36,6,14,51,HR,88368,1
54,8,16,40,Sales,91194,1
43,2,16,50,HR,78836,0
44,22,12,60,Sales,136392,1
33,11,12,39,Sales,92524,1
38,17,16,48,IT,127161,1
33,7,14,36,HR,83251,1
57,8,18,51,Sales,95732,1
59,12,12,40,HR,93480,1
37,7,16,45,IT,93191,1
35,5,14,36,Sales,74270,0
38,9,18,59,IT,101865,1
43,16,12,59,Sales,113028,1
50,6,18,35,IT,85754,1
54,16,18,39,IT,127308,1
24,2,16,42,Finance,73850,0
23,1,16,38,Sales,64201,0
27,1,18,53,Sales,71344,0
38,1,18,39,Sales,68252,0
27,2,12,39,HR,66871,0
60,27,14,58,Finance,162603,1
26,2,14,50,HR,74848,0
42,0,18,56,Sales,69251,0
21,0,16,52,Finance,70518,0
24,0,14,45,IT,60503,0
49,20,18,51,Finance,137886,1
41,9,16,37,IT,89989,1
46,20,12,52,Sales,128328,1
34,13,14,38,Sales,108941,1
29,8,12,53,IT,90907,1
32,5,16,43,Finance,86410,1
26,5,18,39,HR,83835,1
40,18,12,38,Finance,119880,1
44,20,18,50,IT,138654,1
47,9,14,44,IT,91806,1
58,34,12,43,HR,179581,1
28,1,14,50,HR,63819,0
21,0,14,54,HR,65352,0
44,20,14,56,IT,132734,1
27,2,14,60,Sales,77338,0
39,4,14,51,Finance,75123,0
42,10,16,52,HR,100105,1
55,9,12,49,IT,92279,1
50,16,18,54,Finance,130998,1
49,3,18,43,HR,82269,1
42,20,16,40,Sales,135934,1
31,1,18,40,Finance,75503,0
40,17,18,45,Finance,124055,1
49,0,18,59,IT,77599,0
54,13,12,54,IT,101709,1
21,0,18,37,IT,66218,0
51,7,12,57,Sales,83916,1
50,1,18,46,Finance,71789,0
38,14,18,49,HR,119026,1
37,1,12,41,Sales,59105,0
58,35,16,59,HR,192481,1
34,13,18,56,HR,122892,1
43,0,14,52,IT,59793,0
45,18,14,56,HR,127794,1
35,4,16,49,HR,83206,1
42,9,14,42,Sales,95069,1
23,0,12,56,IT,57297,0
39,14,18,43,HR,122342,1
54,29,18,49,HR,176264,1
55,6,18,50,HR,89410,1
21,0,18,54,Finance,76970,0
41,17,14,37,Finance,122266,1
49,12,14,39,IT,101831,1
26,1,14,37,Sales,61166,0
57,7,12,36,IT,78348,0
21,0,14,36,Finance,60727,0
21,0,14,38,IT,59024,0
47,26,18,37,Sales,161562,1
41,9,14,43,IT,94081,1
36,13,16,57,HR,115617,1
60,10,16,56,Sales,105600,1
46,5,18,60,Sales,93505,1
36,4,14,46,Sales,74351,0
48,0,16,58,IT,68985,0
21,0,16,43,IT,64357,0
56,18,12,53,HR,121783,1
30,6,18,46,Sales,94986,1
37,2,16,50,HR,69768,0
43,19,16,60,Sales,140236,1
27,5,18,57,Finance,90674,1
27,2,14,59,IT,76823,0
35,4,18,35,HR,83782,1
54,18,12,44,IT,119533,1
24,0,12,59,IT,63891,0
34,7,12,57,Finance,89642,1
34,7,16,44,Finance,92248,1
36,13,14,38,Sales,102868,1
27,1,12,45,Finance,58659,0
52,21,18,56,Sales,141933,1
39,3,12,45,Finance,66228,0
22,0,16,45,Finance,69916,0
30,9,12,56,HR,88548,1
37,1,14,40,Finance,59482,0
57,7,12,49,HR,80710,1
32,0,14,36,Finance,57650,0
26,2,14,55,HR,71258,0
42,5,18,57,IT,89593,1
52,10,14,56,Sales,95789,1
40,9,16,37,Finance,91216,1
21,0,16,39,HR,65721,0
26,4,14,58,Finance,83016,1
39,0,14,45,HR,66122,0
38,1,12,55,HR,60635,0
26,2,12,46,Finance,66195,0
53,8,18,60,Sales,102218,1
43,4,12,37,HR,64277,0
43,9,16,43,IT,96651,1
46,9,12,37,Finance,82319,1
33,11,18,36,IT,103428,1
27,1,18,40,HR,73535,0
35,9,14,58,HR,94689,1
47,20,18,40,Finance,141845,1
46,20,14,51,Sales,134561,1
53,0,16,42,IT,68281,0
35,2,16,35,Sales,74036,0
56,4,12,59,IT,77600,0
47,24,18,42,Sales,155123,1
25,1,16,56,Finance,67907,0
22,1,14,49,IT,64791,0
53,7,18,52,Finance,96745,1
36,0,18,47,Sales,69219,0
43,8,14,59,Sales,94011,1
58,31,18,42,Sales,181044,1
36,5,18,54,Finance,87748,1
34,0,16,52,HR,67044,0
49,7,14,47,HR,85720,1
46,20,16,48,IT,132414,1
55,6,14,49,Finance,88660,1
35,6,12,40,Finance,76896,0
23,2,18,35,Finance,75553,0
43,6,18,41,Sales,93450,1
49,21,16,35,Finance,132591,1
54,26,18,49,HR,159288,1
53,7,18,40,IT,90038,1
43,8,16,39,HR,95682,1
27,3,16,46,Finance,77481,0
23,2,14,60,IT,72394,0
52,1,12,37,IT,56698,0
51,6,16,56,Finance,93639,1
38,14,14,54,Finance,114076,1
27,1,16,48,HR,66375,0
21,0,14,40,HR,60204,0
34,5,12,38,Sales,75637,0
52,17,14,49,Sales,122275,1
26,1,14,51,Sales,71115,0
59,32,18,39,Finance,183507,1
30,6,16,58,Finance,94876,1
27,2,14,40,Sales,65672,0
46,13,16,44,Sales,108555,1
54,12,14,43,HR,99523,1
50,15,18,38,Sales,120536,1
56,15,18,60,Sales,130832,1
41,4,12,43,IT,68730,0
37,5,14,42,Sales,81790,1
53,25,18,37,IT,154282,1
30,2,16,56,Sales,80095,1
32,9,14,54,IT,93789,1
36,14,14,35,Sales,104252,1
52,22,12,59,HR,137714,1
35,6,16,54,Finance,84813,1
47,0,12,39,IT,51343,0
48,7,14,37,Finance,79735,0
37,3,12,38,HR,64599,0
22,0,14,59,Sales,60861,0
56,21,14,57,Sales,139669,1
27,2,12,58,HR,66802,0
33,4,12,53,Finance,72893,0
35,9,14,49,Finance,94055,1
45,4,12,53,Finance,68956,0
43,16,12,50,Finance,115284,1
42,2,14,57,IT,70337,0
46,18,16,42,Finance,127502,1
53,0,12,48,IT,59396,0
31,6,12,39,HR,72319,0
30,0,18,35,Sales,66374,0
45,22,16,53,IT,142513,1
57,22,12,39,Finance,134841,1
58,4,14,37,Sales,73473,0
44,6,18,51,IT,90135,1
60,5,18,41,Sales,89657,1
53,21,18,51,HR,148119,1
37,16,12,60,Finance,116557,1
44,12,14,47,HR,103271,1
57,11,18,56,Sales,111282,1
22,1,16,56,HR,74225,0
52,29,18,48,Finance,167534,1
44,7,18,57,IT,96208,1
29,4,16,46,HR,82406,1
24,2,18,45,Finance,77237,0
37,4,18,35,Sales,84677,1
37,12,16,37,HR,108045,1
50,25,12,46,IT,142873,1
60,7,16,43,HR,85556,1
31,7,12,36,Sales,79953,0
41,0,12,48,Sales,57268,0
41,12,12,39,Sales,99234,1
38,4,16,37,HR,80535,1
49,27,16,46,HR,156067,1
44,20,12,46,HR,131406,1
30,7,16,55,IT,94570,1
37,16,12,41,Finance,110186,1
38,12,16,35,HR,100361,1
40,8,14,37,IT,87014,1
57,1,16,45,Sales,68957,0
38,16,16,47,HR,121033,1
37,6,16,56,HR,85009,1
29,2,12,57,HR,69222,0
34,2,12,44,IT,61357,0
49,18,14,53,HR,124277,1
51,23,14,38,HR,137089,1
24,0,18,56,Finance,76667,0
38,9,14,39,IT,92430,1
40,13,12,45,Finance,104283,1
29,1,14,43,Finance,60755,0
33,9,14,47,Finance,96817,1
35,14,16,51,Finance,112950,1
47,25,14,49,Sales,148158,1
35,0,18,47,HR,69557,0
48,24,16,55,Finance,153490,1
57,14,12,45,IT,103182,1
39,5,18,35,HR,80966,1
46,17,12,42,Finance,114386,1
46,0,18,57,Finance,69095,0
45,23,16,39,IT,147468,1
46,2,18,56,Sales,76942,0
46,16,18,50,IT,122956,1
48,15,14,38,Sales,107117,1
38,7,12,59,Sales,85146,1
52,27,16,53,Sales,159815,1
23,0,18,52,Finance,72795,0
22,1,12,57,Finance,61067,0
53,16,12,36,Sales,108672,1
39,8,14,47,Sales,85132,1
37,11,12,50,Finance,95987,1
53,28,16,56,Sales,168587,1
32,8,14,42,Finance,92216,1
23,2,18,53,Sales,78782,0
46,3,16,37,Finance,71678,0
55,24,16,53,IT,153538,1
28,4,16,51,Sales,81162,1
56,10,14,43,Sales,92717,1
27,3,12,55,IT,71867,0
56,3,16,59,HR,80673,1
36,13,12,55,Sales,105294,1
44,13,12,57,HR,102314,1
21,0,16,51,IT,65507,0
45,5,12,59,Sales,78180,0
30,0,14,35,HR,57883,0
36,1,14,38,Sales,59924,0
36,7,18,57,Sales,99462,1
28,3,12,49,Finance,66814,0
49,9,12,46,HR,85110,1
59,6,18,59,Finance,91730,1
48,3,14,51,Finance,74833,0
26,5,18,46,HR,92277,1
36,15,18,50,HR,120472,1
40,8,18,47,Finance,101054,1
36,3,12,45,Sales,71908,0
27,4,12,49,Sales,68524,0
34,7,12,50,IT,80227,1
46,5,12,40,Sales,76003,0
46,0,16,60,HR,70121,0
34,6,18,45,HR,87732,1
27,0,18,49,IT,71380,0
53,2,12,39,HR,64445,0
46,0,14,37,Finance,61705,0
40,0,16,60,IT,65762,0
23,2,16,36,IT,64821,0
24,0,14,35,Sales,55759,0
46,12,12,49,Sales,100261,1
31,0,16,36,Finance,64932,0
22,1,16,54,Finance,70005,0
34,5,18,40,Sales,88270,1
50,29,18,46,Sales,171192,1
32,5,12,55,Finance,82733,1
46,13,12,50,Sales,108112,1
53,3,18,48,IT,80336,1
33,6,18,38,Finance,90497,1
34,6,18,42,Sales,91414,1
44,11,14,46,HR,103614,1
54,24,16,57,HR,153067,1
46,11,12,48,Finance,100525,1
41,16,12,54,HR,117531,1
48,20,14,60,HR,135165,1
56,14,18,47,IT,117582,1
60,9,16,39,Finance,98237,1
22,0,18,46,HR,67684,0
29,6,12,44,Sales,75838,0
43,19,14,55,Finance,129877,1
35,3,16,53,Finance,75015,0
33,12,16,47,HR,109104,1
43,11,16,43,HR,102208,1
37,0,16,45,IT,60726,0
22,0,14,39,Sales,55235,0
40,9,12,47,IT,85722,1
40,17,16,44,IT,124065,1
23,2,16,52,Sales,76689,0
32,1,12,49,HR,62413,0
60,7,18,54,IT,95234,1
22,1,16,46,Finance,64958,0
56,21,16,38,IT,139118,1
34,9,18,39,Sales,103558,1
36,9,12,42,IT,88091,1
39,8,12,39,IT,86908,1
54,20,16,35,Finance,129403,1
26,3,12,52,Sales,66712,0
33,10,18,53,Finance,107297,1
56,5,14,53,HR,85027,1
42,13,18,44,Sales,113155,1
38,0,18,56,IT,69804,0
32,6,14,43,Finance,79633,0
50,23,18,60,Finance,154751,1
60,8,16,35,Sales,93954,1
27,2,16,56,Finance,73241,0
52,23,12,59,Sales,145150,1
39,15,12,54,HR,113741,1
26,2,18,60,Sales,82351,1
40,1,16,37,Sales,62407,0
47,14,16,47,HR,112612,1
57,34,14,40,HR,174357,1
27,3,12,40,IT,68811,0
25,3,16,52,Finance,75501,0
31,5,18,39,HR,81474,1
35,11,16,51,HR,101788,1
23,2,12,59,Finance,63717,0
25,3,18,59,Finance,80938,1
43,3,12,37,IT,63363,0
57,9,16,39,IT,96828,1
29,5,16,37,Sales,80721,1
35,8,16,57,IT,93013,1
23,1,12,47,HR,65357,0
49,21,18,49,HR,146533,1
26,5,16,51,Finance,82712,1
37,2,16,49,IT,78244,0
46,16,16,39,Sales,116171,1
41,10,14,56,Sales,97963,1
28,1,14,48,Sales,66271,0
41,20,18,45,Sales,143303,1
31,9,12,48,Finance,94154,1
58,2,16,41,IT,74927,0
28,7,16,37,IT,91439,1
44,14,12,57,IT,109117,1
55,16,12,54,IT,113809,1
34,10,18,44,Sales,99282,1
34,1,12,45,Sales,57789,0
30,2,16,40,Finance,75242,0
32,2,18,39,Finance,75408,0
58,11,14,54,Sales,105673,1
54,23,18,56,HR,152416,1
30,4,18,47,IT,84626,1
37,15,18,46,Finance,120041,1
37,14,12,53,Sales,104697,1
23,2,16,53,IT,72426,0
51,26,12,55,IT,151251,1
21,0,16,39,Sales,66431,0
32,5,12,59,HR,74962,0
59,33,18,54,HR,191509,1
24,2,16,55,Finance,75306,0
33,3,12,43,Sales,66263,0
54,31,18,38,Finance,174586,1
41,3,14,49,HR,68967,0
42,4,12,37,Finance,69701,0
24,0,12,57,Finance,59285,0
38,7,14,41,HR,89012,1
25,1,12,58,IT,67329,0
39,6,14,54,IT,81277,1
22,1,16,54,HR,76667,0
32,4,14,48,IT,73290,0
37,15,18,48,Sales,119526,1
30,4,14,43,IT,76546,0
54,2,16,60,HR,73571,0
26,4,14,57,Sales,77775,0
28,1,14,37,Finance,67383,0
31,4,16,43,HR,79332,0
32,6,12,55,HR,85884,1
29,1,12,38,IT,58673,0
22,0,18,51,Sales,71344,0
28,7,18,59,HR,102520,1
31,4,14,40,Sales,78307,0
56,1,12,50,Sales,62308,0
30,5,12,52,IT,75852,0
41,7,14,47,HR,82928,1
40,7,16,41,Sales,87923,1
28,3,12,37,Sales,61911,0
56,29,18,40,Finance,168950,1
49,18,14,58,IT,126125,1
32,6,16,37,HR,86671,1
34,1,18,46,Sales,70483,0
41,20,12,39,IT,120853,1
42,0,16,56,HR,69382,0
41,19,18,51,Sales,133615,1
50,14,14,44,HR,106319,1
59,17,16,41,HR,120955,1
40,11,16,38,IT,102065,1
44,0,14,44,IT,57409,0
43,6,12,41,Finance,80945,1
27,2,12,57,Finance,69528,0
29,0,16,45,Finance,61606,0
21,0,16,55,Sales,67916,0
46,23,16,42,Finance,145364,1
58,33,18,42,HR,180137,1
58,18,16,39,IT,125033,1
42,12,12,39,HR,93113,1
30,8,14,41,IT,91204,1
26,4,14,56,IT,75739,0
37,0,14,38,HR,55055,0
58,32,16,36,HR,177257,1
44,17,16,58,Sales,126379,1
30,7,14,53,IT,89039,1
28,0,18,36,Finance,71339,0
41,4,18,50,Sales,85921,1
26,0,18,46,Finance,74308,0
41,11,18,49,Sales,110720,1
59,8,12,44,IT,83806,1
44,17,14,57,HR,124803,1
53,10,12,60,HR,96058,1
38,0,16,40,IT,64004,0
48,18,18,58,HR,137868,1
52,21,18,47,IT,146615,1
32,8,14,40,IT,83315,1
47,9,18,57,IT,105663,1
30,1,14,36,Sales,65712,0
52,6,16,60,HR,92041,1
46,19,18,48,Sales,134161,1
45,1,18,52,Finance,77739,0
31,2,12,40,IT,58844,0
43,5,14,59,HR,79714,0
54,31,14,53,Finance,168508,1
60,9,18,60,IT,105623,1
43,8,12,48,Finance,83130,1
49,7,18,47,Sales,92785,1
51,25,14,42,Sales,144338,1
27,5,14,39,HR,77655,0
60,10,18,47,Finance,103024,1
53,19,16,40,Finance,132296,1
41,19,18,56,Sales,143682,1
22,0,12,60,Sales,63039,0
38,8,14,53,HR,90466,1
53,7,14,45,IT,82456,1
57,14,18,50,HR,116109,1
54,33,16,39,Sales,176130,1
40,0,14,46,HR,64503,0
55,26,18,51,IT,157922,1
38,4,16,36,Sales,74137,0
44,2,18,44,IT,72458,0
28,4,18,49,HR,86000,1
50,3,18,53,IT,81901,1
30,0,14,54,Sales,67040,0
43,15,16,59,Sales,124489,1
31,8,12,51,IT,84323,1
22,0,12,53,HR,55776,0
46,25,14,53,HR,153590,1
56,34,14,47,HR,178626,1
53,5,18,47,HR,91136,1
33,0,18,50,Finance,69672,0
60,20,16,56,Finance,135713,1
45,15,18,55,IT,122445,1
24,2,16,37,Finance,74076,0
39,6,18,38,Finance,84887,1
38,1,18,41,Finance,71691,0
57,14,12,37,IT,104334,1
50,5,14,43,Finance,73849,0
39,1,16,42,HR,64527,0
43,16,12,52,HR,113195,1
36,11,18,55,IT,108276,1
21,0,12,48,IT,59165,0
32,0,16,54,IT,71635,0
44,0,14,39,Sales,56812,0
54,27,12,37,Finance,153737,1
28,3,16,44,IT,71726,0
38,15,18,45,IT,126715,1
25,0,12,51,IT,57992,0
46,25,14,42,HR,146149,1
50,18,16,43,IT,129046,1
33,10,14,42,HR,98184,1
39,16,18,54,HR,130298,1
49,24,14,36,Sales,143679,1
23,1,18,38,IT,74152,0
46,11,18,50,Sales,109553,1
60,6,12,43,IT,76506,0
32,11,18,60,Finance,114169,1
22,0,14,43,IT,56289,0
31,7,12,55,IT,84616,1
48,16,18,39,IT,128567,1
38,4,16,60,IT,88969,1
33,1,16,37,IT,61852,0
57,16,18,48,IT,129452,1
42,2,12,49,Sales,63866,0
32,6,12,40,Finance,81906,1
22,0,12,50,Sales,54695,0
57,35,14,57,Finance,188523,1
27,6,16,44,Sales,85948,1
46,18,18,48,Sales,136265,1
46,18,18,46,IT,129305,1
44,9,16,43,Sales,94143,1
32,4,14,57,Finance,78754,0
36,2,12,53,HR,69789,0
43,10,16,46,Finance,97098,1
60,38,18,47,Sales,202790,1
29,4,14,57,HR,77968,0
52,19,18,47,IT,139200,1
35,11,12,51,HR,100000,1
57,18,16,36,IT,121015,1
33,11,12,54,Finance,99944,1
25,3,14,57,HR,70779,0
31,1,16,43,HR,66086,0
30,0,12,55,HR,63155,0
33,2,12,42,IT,64179,0
35,10,12,41,IT,86676,1
27,1,14,39,Finance,65160,0
60,32,12,53,Finance,174945,1
48,16,18,37,Sales,119927,1
52,17,16,47,IT,128372,1
55,28,16,40,Finance,162852,1
35,12,12,60,HR,106577,1
56,4,14,45,HR,72827,0
41,5,18,38,HR,89594,1
26,0,18,37,Finance,71044,0
21,0,16,38,HR,65984,0
24,1,16,37,HR,70041,0
31,4,18,47,IT,86372,1
46,0,16,49,IT,64520,0
57,22,12,46,Finance,134536,1
43,10,18,49,IT,107170,1
49,23,16,60,Sales,154581,1
41,6,12,45,Finance,79101,0
47,17,12,45,Sales,116866,1
59,20,18,47,Sales,141620,1
60,19,12,46,Finance,122043,1
33,4,18,40,IT,81576,1
43,9,12,57,IT,94783,1
36,8,18,54,Finance,105148,1
50,14,18,53,Sales,125868,1
24,3,18,53,Finance,83800,1
60,14,18,37,Finance,118855,1
36,11,12,50,HR,95596,1
51,7,18,43,HR,96421,1
45,7,16,48,Sales,94090,1
32,1,12,37,IT,54685,0
46,5,18,37,HR,83329,1
57,36,12,58,HR,186728,1
53,1,12,54,Sales,60187,0
48,11,12,41,Finance,98340,1
29,3,12,53,HR,72853,0
32,6,18,58,IT,98005,1
25,4,12,37,Sales,71437,0
48,16,16,55,HR,126602,1
55,30,12,35,Sales,155509,1
25,0,12,46,HR,57182,0
54,25,16,55,HR,157705,1
54,27,18,40,Sales,166473,1
33,0,16,41,IT,62379,0
59,11,14,36,IT,96752,1
34,4,16,52,Finance,78786,0
31,6,18,59,HR,95330,1
58,19,16,49,Finance,137598,1
24,1,12,49,Sales,61718,0
53,14,18,44,Finance,113504,1
27,5,14,51,Sales,80938,1
28,5,18,52,IT,87554,1
57,31,12,52,Sales,169182,1
30,3,14,49,Sales,73549,0
35,3,18,60,Finance,80350,1
58,32,18,57,HR,185827,1
35,14,12,40,Finance,108686,1
25,1,16,43,IT,66955,0
49,13,16,45,IT,108674,1
39,2,14,49,IT,68130,0
30,4,12,57,HR,77640,0
32,10,12,37,Finance,88249,1
24,3,16,53,Sales,76747,0
51,30,16,35,Sales,166449,1
38,2,14,58,HR,67904,0
36,5,16,51,IT,87565,1
60,6,14,45,HR,80154,1
56,5,18,52,Sales,87506,1
45,21,14,45,IT,133517,1
43,0,14,41,HR,60712,0
32,2,14,35,Sales,65757,0
54,6,18,46,Sales,87379,1
56,35,16,38,HR,190853,1
57,11,14,59,Sales,99513,1
23,2,16,42,Finance,70915,0
29,8,14,49,Finance,88387,1
38,17,16,45,IT,127310,1
55,18,14,42,Finance,124123,1
54,3,16,46,Finance,81210,1
34,0,12,37,HR,54599,0
24,0,18,55,IT,72074,0
49,26,14,38,HR,152265,1
35,14,18,46,HR,121527,1
48,21,14,42,Finance,138115,1
36,15,12,57,Finance,112915,1
32,7,12,57,Sales,83014,1
25,1,18,44,Sales,73015,0
54,21,14,60,IT,139279,1
21,0,16,57,Finance,67920,0
59,17,14,35,Sales,118806,1
52,15,16,47,HR,115569,1
46,1,18,41,Finance,68559,0
37,3,18,54,IT,80825,1
47,19,12,37,IT,123166,1
44,15,16,50,HR,122365,1
55,2,14,46,Sales,66081,0
59,29,12,39,HR,157429,1
46,22,18,52,Sales,144723,1
58,1,12,42,Finance,60931,0
43,2,14,46,IT,65034,0
42,4,14,59,Sales,81576,1
24,1,18,55,HR,78570,0
29,2,12,37,Finance,63056,0
24,3,16,50,Sales,73174,0
27,3,16,44,Finance,76213,0
43,1,16,57,Finance,69905,0
22,1,14,51,HR,63068,0
44,21,12,44,HR,130797,1
60,19,16,37,Finance,127821,1
51,17,12,59,Finance,120919,1
51,24,18,36,Sales,149994,1
60,19,16,48,HR,129149,1
54,24,12,43,Sales,139929,1
44,20,14,51,IT,131160,1
46,13,18,38,Sales,111413,1
36,11,18,60,Finance,110719,1
33,11,18,56,IT,114670,1
35,10,18,49,Sales,102899,1
47,10,14,47,IT,97030,1
24,1,14,57,HR,68277,0
36,6,16,53,Sales,89372,1
50,11,14,43,Sales,101108,1
50,15,14,38,HR,114741,1
56,4,18,55,Sales,89330,1
23,2,14,42,IT,65129,0
42,1,18,49,HR,78327,0
42,21,12,48,IT,134370,1
32,6,12,37,Sales,80248,1
41,14,12,58,Sales,107873,1
24,2,12,51,Sales,62385,0
51,28,12,42,Sales,156962,1
51,5,12,48,IT,75562,0
43,12,12,47,Sales,98534,1
40,18,18,49,HR,136428,1
35,9,18,45,HR,98665,1
43,18,18,49,Finance,137993,1
48,4,18,46,HR,87275,1
36,8,14,60,Finance,93471,1
57,10,14,58,HR,101919,1
41,13,16,56,HR,110087,1
35,6,14,55,Sales,89548,1
37,15,18,43,HR,126290,1
57,20,18,56,Sales,144705,1
33,6,12,49,Sales,82688,1
39,3,12,35,HR,67206,0
50,0,16,46,IT,62933,0
38,14,14,40,Sales,106421,1
34,13,18,35,HR,110931,1
56,18,14,56,IT,128825,1
56,4,16,53,HR,82227,1
40,3,12,56,HR,75116,0
39,12,18,47,IT,114226,1
27,1,12,40,HR,64292,0
24,3,18,51,Sales,84992,1
54,30,12,47,Finance,162605,1
22,0,12,43,Finance,58781,0
25,4,16,42,HR,83201,1
30,6,14,49,Finance,85223,1
52,8,12,52,Finance,83398,1
33,3,18,36,Finance,81434,1
59,4,14,55,Sales,76962,0
25,0,14,60,Sales,68495,0
30,9,12,36,Finance,82627,1
30,3,12,45,IT,70449,0
58,20,12,35,IT,128386,1
47,12,14,52,IT,100785,1
41,20,16,55,Sales,142169,1
28,7,12,60,Sales,88531,1
21,0,14,41,Sales,61984,0
48,12,14,55,Sales,111377,1
59,14,18,51,Finance,124483,1
34,3,12,50,Sales,72091,0
41,19,16,41,Finance,128549,1
50,12,18,56,IT,112745,1
41,4,12,41,Finance,71862,0
29,5,18,36,IT,82698,1
37,5,12,39,Sales,76586,0
25,1,18,48,IT,76960,0
51,4,16,42,IT,73678,0
60,12,18,46,Finance,107921,1
58,28,18,41,IT,164521,1
39,4,18,40,HR,85977,1
56,24,12,47,IT,139961,1
53,12,12,56,Sales,106438,1
33,7,16,46,IT,89518,1
34,3,18,51,HR,82529,1
53,7,14,50,Finance,85223,1
49,27,18,35,IT,165773,1
56,8,14,41,HR,83658,1
30,4,14,37,Sales,70386,0
51,18,18,40,Sales,127765,1
26,4,14,55,Finance,74304,0
21,0,14,37,Sales,59749,0
27,3,18,56,HR,81030,1
47,14,12,37,IT,105091,1
41,9,18,42,HR,102925,1
48,10,16,48,Finance,96542,1
36,4,14,57,IT,83415,1
43,8,16,43,HR,88183,1
40,10,14,39,Finance,96792,1
58,26,12,49,Finance,145083,1
45,18,14,51,IT,122878,1
48,1,18,44,IT,70645,0
25,4,14,42,Sales,70223,0
41,20,16,52,Sales,133144,1
38,0,18,40,IT,70586,0
26,2,16,51,Sales,70213,0
49,2,12,56,IT,65343,0
39,13,16,38,Sales,105647,1
53,29,16,55,HR,167163,1
21,0,16,49,Finance,70935,0
23,1,18,44,IT,77207,0
41,4,12,57,IT,71477,0
55,14,12,47,IT,107808,1
60,37,12,56,HR,193714,1
23,1,16,35,Finance,65531,0
45,13,18,59,Sales,116353,1
58,7,18,56,Sales,94999,1
40,7,18,56,Finance,95620,1
54,18,16,43,Sales,123466,1
41,8,12,60,IT,87042,1
43,10,16,39,Finance,102521,1
26,4,18,45,HR,81235,1
33,12,16,56,Finance,111273,1
43,18,14,56,IT,123524,1
29,4,12,57,Finance,77919,0
37,4,12,59,HR,74748,0
22,1,18,55,HR,77980,0
39,8,16,55,Finance,94398,1
39,2,18,38,Finance,70864,0
27,2,16,60,Sales,81499,1
40,4,14,54,Sales,78814,0
29,7,12,50,IT,85589,1
37,13,12,58,Sales,102053,1
47,23,16,52,IT,149863,1
22,0,12,60,IT,63459,0
56,23,16,42,Finance,144166,1
39,12,18,36,Sales,104610,1
37,10,14,51,HR,93450,1
25,4,16,44,HR,82337,1
59,7,14,47,Finance,90870,1
38,9,18,49,HR,97978,1
27,6,18,43,HR,89149,1
37,6,18,42,Finance,88568,1
59,37,16,40,HR,196167,1
56,15,14,38,Finance,111496,1
60,32,14,52,IT,177957,1
24,3,12,58,Sales,69453,0
58,2,16,37,HR,69203,0
45,5,12,60,Finance,80304,1
25,3,12,38,HR,65464,0
50,3,16,55,Sales,80464,1
32,3,12,47,HR,70315,0
24,1,12,54,IT,62378,0
44,8,12,45,Finance,84205,1
49,7,18,42,Sales,91458,1
29,2,16,59,IT,80744,1
24,0,18,48,HR,69582,0
44,16,12,48,HR,113365,1
34,0,12,50,HR,59200,0
25,3,18,48,Sales,80529,1
38,13,12,35,Finance,101333,1
39,10,16,36,Sales,100565,1
32,2,14,54,IT,71803,0
38,7,18,35,Finance,90474,1
37,9,14,45,Sales,96647,1
50,16,14,40,HR,118175,1
44,7,14,49,IT,82429,1
31,5,18,46,HR,89107,1
55,0,12,39,Sales,56294,0
43,19,16,57,IT,135619,1
37,6,12,46,Finance,77277,0
21,0,16,56,Finance,67158,0
35,7,12,48,Sales,78659,0
52,8,14,48,Sales,95382,1
29,5,14,53,Finance,77766,0
35,9,16,39,Finance,98716,1
48,8,18,37,Sales,90976,1
44,19,12,59,Finance,123366,1
55,34,14,52,IT,181264,1
42,3,16,40,Sales,76963,0
47,9,12,43,IT,92172,1
39,3,16,60,HR,82850,1
32,5,18,41,IT,86495,1
40,8,18,55,Sales,105491,1
21,0,12,52,HR,63901,0
41,0,18,36,Finance,69852,0
21,0,12,54,IT,64564,0
30,4,12,44,IT,75163,0
52,8,18,46,Sales,93727,1
59,36,16,36,Finance,192597,1
42,5,16,47,Sales,82700,1
38,7,12,42,Finance,80194,1
52,9,14,60,Sales,99483,1
47,10,12,57,Finance,98294,1
48,12,16,41,HR,110493,1
38,3,12,37,Sales,64573,0
59,36,16,57,HR,197844,1
49,9,18,42,Sales,95513,1
38,6,12,55,Sales,82428,1
28,4,12,35,Sales,65514,0
51,8,18,49,IT,103379,1
54,8,18,35,Sales,98474,1
27,1,14,46,Finance,69018,0
56,1,18,45,IT,68000,0
38,3,14,50,Finance,76962,0
58,7,18,38,Finance,89431,1
29,0,16,36,Finance,58871,0
29,4,12,57,Finance,78985,0
28,7,18,37,Finance,89487,1
55,17,16,38,HR,124416,1
38,12,18,59,IT,118605,1
25,1,12,52,Finance,60095,0
34,11,18,46,HR,106877,1
48,24,18,58,HR,158609,1
50,22,12,35,Finance,128209,1
24,3,18,37,Sales,74699,0
59,32,12,38,Finance,168517,1
40,19,14,40,HR,130161,1
45,17,18,51,Finance,128090,1
48,2,16,42,HR,75128,0
32,11,18,52,Finance,113070,1
22,0,12,50,HR,54755,0
34,8,12,55,Finance,93411,1
42,12,16,40,Sales,108212,1
51,30,16,58,Sales,171499,1
43,9,12,53,HR,86812,1
40,14,14,59,Sales,113803,1
58,33,14,55,Sales,177993,1
24,2,12,42,IT,58846,0
35,2,14,38,Finance,68962,0
44,13,16,43,Finance,112377,1
45,6,14,42,Sales,84106,1
21,0,16,55,Sales,72103,0
27,4,18,53,HR,87995,1
51,10,16,35,Finance,95867,1
32,5,18,55,IT,87689,1
25,3,16,55,IT,74587,0
58,5,16,38,Sales,77368,0
32,10,14,44,HR,91432,1
59,28,16,60,HR,169885,1
38,9,12,42,Finance,91111,1
22,1,18,37,Sales,72740,0
30,0,18,46,Sales,66686,0
35,14,16,60,HR,114309,1
50,20,12,43,IT,129980,1
37,1,16,37,IT,70735,0
24,3,16,38,Finance,77999,0
27,6,14,40,Sales,78748,0
51,5,16,43,Sales,79000,0
59,36,16,60,IT,191545,1
54,3,14,36,Sales,68123,0
26,5,14,36,Sales,74614,0
58,1,12,52,HR,63030,0
54,11,14,55,Finance,103729,1
35,2,18,56,Finance,82791,1
34,5,18,37,Finance,85161,1
26,5,12,37,HR,69441,0
57,7,16,52,Finance,88736,1
52,20,12,40,Finance,128576,1
23,0,14,35,IT,55175,0
23,1,16,59,IT,69990,0
42,13,12,49,Finance,102344,1
42,2,12,45,HR,66467,0
30,6,18,44,HR,85355,1
23,2,12,38,HR,64314,0
32,5,16,48,Sales,88025,1
49,14,12,36,Sales,107567,1
37,16,12,47,HR,118625,1
27,3,14,50,IT,71607,0
33,5,12,46,Sales,74643,0
22,1,16,56,HR,76943,0
24,2,18,39,Sales,74863,0
30,5,18,53,Sales,88948,1
59,26,18,37,Sales,158338,1
44,13,18,55,Sales,120516,1
37,14,14,54,HR,115036,1
26,3,16,55,Sales,74939,0
39,11,14,36,Finance,101585,1
25,2,18,51,HR,80390,1
52,21,14,55,HR,136941,1
30,9,12,45,HR,88362,1
29,5,16,35,Sales,76461,0
47,24,12,53,HR,146835,1
33,8,14,42,IT,93002,1
39,1,12,45,Finance,59298,0
41,3,14,42,IT,66160,0
44,8,14,59,Finance,90915,1
58,14,16,51,Finance,117575,1
24,1,16,54,Sales,71517,0
44,12,16,40,Finance,105102,1
55,19,18,41,Finance,135631,1
23,1,16,55,IT,67250,0
24,3,12,47,Finance,65199,0
57,18,16,41,HR,129729,1
60,15,16,45,HR,115167,1
55,10,16,44,Finance,101391,1
51,9,14,42,HR,96577,1
45,7,14,44,Sales,90679,1
60,32,16,56,HR,177268,1
33,9,14,45,Sales,92033,1
24,1,14,54,Finance,64202,0
34,1,18,51,Sales,79246,0
33,2,12,45,Sales,66100,0
47,10,14,50,Finance,97814,1
26,1,12,39,Finance,59244,0
37,2,14,44,Sales,63227,0
56,26,16,60,IT,163898,1
60,27,14,60,Finance,164592,1
55,5,14,54,Finance,85740,1
37,14,12,39,IT,99800,1
22,1,16,54,HR,71210,0
33,6,18,43,IT,92294,1
22,1,12,37,HR,56840,0
48,14,16,37,IT,108588,1
46,9,16,44,Sales,93153,1
42,21,12,41,Finance,126601,1
23,0,14,36,IT,61884,0
55,28,16,59,Finance,167259,1
32,0,18,42,HR,69840,0
44,11,14,46,Sales,103117,1
25,1,12,56,Finance,60815,0
40,11,12,43,IT,98615,1
59,24,12,45,IT,145087,1
59,4,12,53,Sales,70327,0
33,3,18,54,HR,83785,1
32,11,18,57,Sales,107613,1
33,8,16,51,Sales,97579,1
30,8,18,47,Finance,97326,1
53,30,12,35,HR,163111,1
60,2,18,35,Sales,71849,0
36,4,14,42,Finance,75676,0
55,2,14,47,Finance,71857,0
23,1,16,40,HR,67687,0
25,1,12,37,HR,63218,0
46,16,18,50,Finance,129018,1
31,9,16,44,HR,95970,1
27,1,16,41,Finance,71455,0
30,7,18,56,HR,92689,1
54,10,16,55,HR,105391,1
23,2,12,37,HR,57235,0
28,6,18,48,IT,88856,1
51,22,14,50,HR,137271,1
31,1,14,38,IT,66692,0
27,0,18,47,Finance,72213,0
22,0,16,35,Sales,66310,0
26,1,16,59,Sales,77968,0
52,27,14,39,Sales,155296,1
40,18,14,52,Finance,128955,1
54,1,12,46,HR,61806,0
36,14,16,45,IT,117700,1
45,23,12,43,Finance,141795,1
32,4,14,41,Sales,79213,0
27,2,14,48,Sales,72011,0
59,4,14,58,Sales,83185,1
37,10,14,37,Sales,97897,1
31,10,12,50,IT,95020,1
26,5,14,41,Sales,74269,0
43,13,18,35,IT,108695,1
47,0,16,40,Sales,60306,0
26,1,14,60,Finance,69832,0
58,16,16,40,IT,124879,1
22,1,14,44,IT,65497,0
42,9,12,46,Finance,88283,1
40,7,16,56,Sales,97540,1
45,7,12,53,Sales,81135,1
35,13,14,40,HR,104828,1
49,6,18,48,HR,89759,1
28,5,18,37,IT,88476,1
57,3,18,44,HR,81027,1
53,0,18,43,Finance,73040,0
42,14,18,57,Finance,124041,1
25,0,12,54,Finance,55504,0
59,32,18,53,IT,181297,1
38,2,14,56,Finance,72867,0
58,4,12,49,IT,70226,0
57,4,12,43,IT,73059,0
50,3,18,53,Finance,77586,0
51,16,16,42,Finance,117164,1
30,4,14,56,IT,80613,1
35,3,12,38,Finance,62809,0
38,13,14,39,HR,108669,1
43,7,16,53,IT,88882,1
53,0,12,48,Sales,61304,0
36,12,14,52,IT,105482,1
58,35,18,59,Finance,198178,1
55,28,12,53,Finance,162740,1
54,4,12,40,IT,66924,0
48,20,12,39,IT,123398,1
22,1,12,60,Sales,69989,0
50,27,18,45,Sales,168543,1
33,3,16,58,IT,84309,1
36,7,16,39,Finance,83471,1
25,2,14,42,IT,63923,0
48,11,18,39,HR,108951,1
59,0,18,45,HR,66743,0
40,6,14,60,Finance,84952,1
44,16,18,47,IT,121430,1
47,1,18,40,IT,72371,0
50,10,12,39,HR,89257,1
47,6,12,52,IT,83164,1
46,16,12,60,Finance,114827,1
27,2,18,44,Finance,79149,0
58,2,18,50,Sales,80184,1
25,4,16,56,Finance,85672,1
43,21,12,48,IT,129073,1
48,5,14,57,IT,81309,1
54,28,18,49,HR,163829,1
35,1,12,37,HR,59487,0
52,17,16,37,Finance,119158,1
46,21,12,46,Sales,129500,1
51,9,16,57,IT,99324,1
39,4,16,49,Sales,79233,0
29,6,18,45,IT,90565,1
49,22,16,44,Finance,147195,1
59,20,16,54,Finance,137893,1
24,3,14,49,HR,77006,0
23,1,16,52,Sales,71362,0
49,21,14,59,HR,136064,1
31,4,14,48,Finance,72087,0
53,19,12,59,Sales,130500,1
58,22,12,40,IT,134407,1
31,3,18,48,HR,80142,1
47,20,18,50,Finance,141959,1
53,20,18,36,IT,137823,1
41,0,16,53,Finance,69098,0
59,14,12,39,IT,101317,1
51,16,16,45,HR,122580,1
58,13,12,45,IT,99899,1
22,0,16,55,Sales,65534,0
47,18,18,59,IT,138022,1
56,33,12,60,Finance,180029,1
31,5,12,53,IT,79775,0
38,12,14,52,HR,104573,1
21,0,12,60,Finance,57725,0
55,5,12,42,Finance,72603,0
55,4,16,57,Finance,86131,1
51,6,18,46,Finance,95169,1
48,0,14,43,Sales,58240,0
59,12,16,37,Finance,106639,1
21,0,12,40,Finance,54041,0
45,18,16,55,Finance,133600,1
58,0,18,55,HR,69059,0
40,12,14,60,HR,103400,1
23,2,16,58,Finance,75610,0
22,0,12,35,Sales,52831,0
38,6,16,51,IT,88271,1
30,3,12,37,Sales,61849,0
25,2,14,52,Finance,74405,0
29,8,14,52,Finance,90826,1
22,0,16,36,Sales,64207,0
54,16,14,38,Finance,116043,1
58,13,18,35,IT,108954,1
51,4,16,44,HR,81177,1
30,9,12,59,IT,96740,1
32,7,16,39,IT,91552,1
56,22,12,39,IT,136005,1
41,5,14,43,Sales,79561,0
26,2,12,48,Sales,67671,0
23,1,12,55,IT,64461,0
30,5,12,47,Sales,80277,1
25,4,12,47,Finance,68728,0
46,7,18,58,HR,100880,1
41,12,12,35,Sales,95738,1
46,17,16,51,Sales,128396,1
58,22,18,54,IT,146698,1
46,3,12,42,HR,64095,0
28,0,12,37,Finance,50695,0
25,4,12,51,Finance,69239,0
35,4,18,46,HR,80099,1
36,2,12,59,Finance,69114,0
21,0,12,59,HR,66044,0
36,3,12,59,IT,70216,0
57,4,14,59,Finance,84289,1
23,1,16,52,Finance,68969,0
51,14,12,48,HR,111752,1
33,3,16,45,Finance,77381,0
36,0,14,50,Sales,66987,0
41,5,14,38,IT,76030,0
22,0,12,52,Finance,62063,0
47,9,16,41,Finance,93717,1
58,31,18,45,Finance,177353,1
46,22,12,50,HR,135365,1
58,16,18,50,IT,125118,1
45,13,14,37,IT,106349,1
31,3,14,59,Finance,80345,1
28,3,16,57,Finance,84517,1
28,0,18,58,HR,78102,0
53,14,18,43,IT,122678,1
27,3,12,42,Sales,63841,0
58,21,16,41,Finance,135258,1
41,17,16,59,Sales,130555,1
28,3,18,51,Sales,86384,1
41,5,14,45,IT,81063,1
40,3,16,38,Sales,72237,0
28,6,14,38,Finance,81678,1
51,25,12,39,Finance,144203,1
49,22,16,42,HR,137389,1
29,2,16,44,IT,73658,0
35,5,12,51,IT,80291,1
50,12,16,40,Sales,102321,1
46,11,18,43,Finance,108822,1
30,3,18,44,Finance,79169,0
49,2,12,42,HR,66255,0
36,11,14,49,Sales,98309,1
56,2,14,52,Finance,72622,0
40,13,16,57,IT,111985,1
57,17,14,39,HR,117646,1
42,18,14,52,IT,126685,1
27,4,12,35,HR,70936,0
43,9,14,36,IT,85918,1
60,14,14,44,Sales,110090,1
49,18,14,40,Finance,127074,1
36,8,18,58,IT,98103,1
58,3,18,53,Sales,85153,1
48,14,12,55,IT,106919,1
58,7,16,45,Sales,93699,1
51,16,12,52,HR,116971,1
34,4,16,50,Sales,77417,0
53,0,16,42,IT,65758,0
29,6,14,38,Finance,82548,1
47,20,14,45,HR,129360,1
44,17,12,44,HR,114085,1
33,11,12,50,Sales,101978,1
46,15,12,46,IT,106225,1
49,0,18,56,Sales,74021,0
48,26,18,37,HR,153328,1
48,14,18,45,Finance,115268,1
28,6,18,58,Sales,95991,1
43,16,18,50,IT,126542,1
49,2,14,58,Sales,73975,0
25,2,16,37,Sales,72436,0
27,6,18,59,Sales,94593,1
56,5,12,44,Finance,79125,0
47,5,16,55,IT,88426,1
22,0,18,50,IT,68596,0
45,6,18,60,HR,99501,1
29,0,14,59,HR,67921,0
47,22,14,41,Sales,140960,1
21,0,14,49,HR,66745,0
43,17,18,49,IT,131315,1
30,5,14,44,Sales,74823,0
45,23,18,37,HR,144220,1
23,0,16,40,Finance,62974,0
26,4,16,60,HR,86943,1
26,1,18,52,Finance,73129,0
22,0,12,56,HR,57270,0
38,7,18,39,IT,95484,1
43,19,16,50,HR,129776,1
22,1,16,47,Finance,74448,0
32,4,18,37,Finance,79210,0
42,10,18,49,HR,105341,1
57,20,18,57,Sales,141529,1
40,2,16,54,Finance,77376,0
59,30,12,40,IT,164379,1
44,22,18,59,HR,152488,1
40,13,16,56,Finance,115582,1
21,0,18,38,HR,71695,0
21,0,16,49,HR,67075,0
37,8,18,60,Sales,99226,1
21,0,16,52,HR,63880,0
50,24,18,43,HR,152213,1
23,0,14,54,HR,63293,0
31,0,18,38,IT,63740,0
44,11,16,50,HR,109282,1
42,10,18,52,IT,110470,1
46,20,12,39,HR,129507,1
33,0,18,47,Sales,73083,0
21,0,18,40,Sales,72041,0
44,19,18,60,Finance,137507,1
30,0,12,56,HR,59970,0
55,14,12,53,Sales,112427,1
44,1,12,46,Sales,65295,0
48,17,14,49,HR,125754,1
56,15,12,43,Finance,110733,1
36,3,14,41,IT,73439,0
60,7,18,48,Sales,91921,1
36,1,14,53,Sales,68613,0
37,13,18,54,IT,115269,1
35,8,14,50,Sales,93381,1
36,14,12,57,IT,107175,1
35,11,12,58,IT,103996,1
54,8,14,56,Finance,93854,1
31,1,14,38,IT,65897,0
21,0,12,46,IT,57258,0
35,0,18,52,IT,68685,0
46,25,18,60,IT,159211,1
24,2,18,42,Sales,77447,0
25,1,18,51,IT,73504,0
55,8,16,59,Sales,98502,1
33,1,18,58,HR,77129,0
30,7,16,37,HR,82743,1
31,2,16,60,IT,75268,0
38,16,12,38,Finance,115661,1
54,9,12,44,Finance,85885,1
59,27,14,50,Sales,155037,1
43,5,18,54,Sales,91445,1
27,3,18,36,HR,77997,0
59,0,12,46,Sales,53101,0
23,2,12,50,Finance,63165,0
32,3,12,44,HR,64460,0
27,1,14,39,IT,63486,0
46,20,18,46,Sales,137454,1
53,14,14,37,IT,107967,1
57,22,16,46,Sales,147440,1
35,13,16,35,Finance,108092,1
22,0,18,36,Sales,68380,0
27,1,12,45,Finance,56631,0
52,23,12,46,Finance,141853,1
24,0,14,41,IT,57374,0
40,11,16,35,Sales,100400,1
56,4,16,47,IT,77870,0
52,24,18,47,Finance,158060,1
48,23,16,36,Finance,147477,1
33,9,12,44,Finance,92096,1
21,0,12,57,Finance,65158,0
55,25,12,35,HR,142110,1
50,7,18,41,Finance,88461,1
56,21,14,47,Sales,131278,1
45,19,16,58,Finance,137263,1
36,8,18,36,HR,90099,1
39,15,14,54,Sales,111957,1
21,0,18,41,HR,66062,0
25,3,16,51,HR,73039,0
42,8,12,56,Sales,91794,1
44,9,14,39,HR,89500,1
57,9,14,45,Finance,95323,1
56,8,18,56,IT,98065,1
56,25,18,58,IT,160190,1
24,2,12,45,IT,65147,0
56,26,18,45,Sales,163431,1
38,10,16,51,Sales,104006,1
36,5,16,53,Sales,87083,1
38,5,16,59,IT,88971,1
42,14,16,42,IT,117200,1
22,0,12,54,Sales,62808,0
41,14,12,48,IT,102920,1
56,4,12,44,HR,71842,0
59,13,18,59,HR,118084,1
59,1,12,41,IT,56676,0
49,22,14,36,Sales,133541,1
46,11,14,51,Finance,100332,1
41,19,14,35,Finance,120650,1
37,13,18,47,IT,112758,1
36,2,18,53,Finance,76551,0
51,23,12,48,Sales,143120,1
29,3,16,60,HR,85247,1
51,14,14,52,HR,115062,1
34,10,18,54,Sales,109825,1
57,23,14,48,Finance,146029,1
22,0,12,49,IT,60738,0
34,8,18,48,HR,102104,1
53,30,16,58,Finance,170635,1
55,27,16,39,Finance,153318,1
59,27,18,50,HR,160759,1
40,4,16,39,HR,78218,0
22,1,12,56,IT,60498,0
39,11,16,47,Sales,107181,1
57,7,14,50,Finance,88777,1
38,5,14,49,IT,77632,0
36,11,14,39,HR,100429,1
24,0,18,55,Sales,68459,0
32,11,18,57,Sales,109548,1
49,24,18,40,Finance,147565,1
27,0,18,47,Sales,71036,0
34,5,18,50,HR,90158,1
32,11,12,44,HR,93079,1
55,14,18,36,HR,119436,1
25,3,16,47,IT,78078,0
37,8,12,51,HR,85839,1
52,18,18,35,IT,127208,1
30,4,16,38,HR,74735,0
37,1,12,52,HR,67327,0
25,3,14,40,Sales,68544,0
29,7,12,46,Finance,85090,1
53,12,18,59,HR,111986,1
56,35,12,60,Sales,189150,1
56,5,12,60,Sales,76130,0
38,5,14,58,Finance,81927,1
29,4,12,54,Sales,72316,0
49,11,12,47,Sales,97265,1
34,11,14,36,Finance,92563,1
45,16,18,51,IT,128744,1
35,10,16,57,Finance,104675,1
26,1,12,44,Finance,63093,0
49,14,14,53,HR,112099,1
35,7,12,56,HR,85382,1
49,16,18,39,IT,127112,1
24,1,18,55,Finance,71333,0
38,5,14,46,Finance,83816,1
59,14,16,52,IT,120752,1
36,15,16,43,HR,122072,1
31,4,12,45,Finance,66935,0
34,7,14,38,IT,81341,1
23,0,16,44,HR,67077,0
58,17,18,35,Sales,121042,1
38,13,16,36,IT,104265,1
40,1,14,43,IT,59615,0
45,22,18,57,Finance,149420,1
58,22,12,60,Sales,136705,1
33,2,18,52,HR,82564,1
24,1,16,50,Sales,67322,0
34,12,16,57,Finance,110211,1
53,0,16,48,Finance,67836,0
48,8,12,38,HR,86522,1
57,21,16,60,HR,146749,1
28,4,14,36,HR,72746,0
54,13,12,46,Finance,103043,1
25,3,18,54,HR,79543,0
25,4,16,39,HR,78150,0
51,12,14,38,HR,96860,1
29,5,14,49,IT,84360,1
52,21,12,37,HR,127415,1
53,0,14,56,Finance,67092,0
23,0,12,51,IT,61929,0
50,24,12,42,Finance,135889,1
32,3,12,46,Sales,72612,0
49,2,18,55,IT,80892,1
23,0,18,42,HR,72524,0
46,1,14,60,IT,71168,0
50,18,18,54,Finance,133776,1
29,3,12,54,IT,73685,0
46,22,12,39,Sales,134548,1
22,1,18,55,HR,74782,0
23,2,14,40,HR,68915,0
24,3,12,39,Sales,66137,0
45,24,18,55,Finance,155558,1
33,5,16,42,IT,79256,0
59,22,14,56,Finance,139677,1
55,1,14,52,Finance,70234,0
43,14,14,38,Finance,112659,1
29,3,16,38,HR,73337,0
22,1,12,39,IT,58120,0
51,2,14,49,HR,65827,0
22,1,18,40,HR,73101,0
52,13,14,55,HR,109067,1
38,13,18,50,IT,120682,1
33,2,14,48,Sales,67886,0
25,0,18,48,HR,70127,0
30,3,18,50,HR,86117,1
45,0,18,56,HR,73309,0
54,33,16,58,IT,185381,1
57,18,16,38,IT,131049,1
50,23,16,45,Finance,144454,1
27,1,12,53,HR,59451,0
26,3,18,59,HR,86474,1
23,0,12,53,IT,57487,0
33,9,16,42,IT,94357,1
23,0,18,44,HR,66442,0
46,6,12,39,Sales,76567,0
44,15,16,50,Finance,123563,1
26,1,12,59,Finance,67032,0
32,2,12,37,HR,57227,0
56,19,16,60,Finance,137515,1
22,1,18,44,Finance,75997,0
31,7,14,58,HR,86306,1
59,21,14,47,Finance,134020,1
54,2,12,41,IT,63900,0
46,10,12,46,HR,95982,1
38,9,12,57,IT,96792,1
41,15,18,48,HR,125388,1
56,7,12,44,IT,81797,1
60,8,12,43,Finance,84012,1
42,14,12,46,Sales,103193,1
50,20,16,58,IT,136271,1
50,2,14,37,IT,62189,0
28,3,14,47,Sales,73135,0
54,29,16,40,Sales,164666,1
29,4,18,40,IT,81539,1
40,8,18,55,IT,98516,1
60,18,18,53,IT,133215,1
45,6,16,59,HR,89592,1
39,15,14,41,IT,109193,1
25,3,14,38,IT,65620,0
31,4,12,56,Sales,74126,0
35,13,14,39,Sales,103797,1
28,6,18,35,HR,87459,1
39,9,18,52,HR,105858,1
43,17,12,51,Finance,121436,1
47,10,12,43,IT,90780,1
60,38,14,43,IT,193764,1
52,13,12,55,Sales,107673,1
46,19,12,58,Finance,131381,1
47,17,16,44,IT,125943,1
39,10,14,54,Finance,100492,1
49,21,18,51,HR,148386,1
59,17,16,47,IT,120975,1
53,22,18,38,IT,145645,1
39,0,12,57,HR,61846,0
57,9,12,52,IT,90977,1
39,0,18,52,HR,68739,0
53,8,16,56,HR,93774,1
36,14,16,43,Finance,113401,1
43,6,16,37,Sales,85264,1
27,0,12,41,Sales,57462,0
46,2,14,60,HR,76604,0
52,15,12,49,Finance,112545,1
32,4,18,43,HR,84030,1
28,3,16,43,Finance,76555,0
25,1,14,38,Finance,64178,0
48,0,16,52,Sales,63978,0
25,3,12,51,Sales,65893,0
46,22,14,56,Finance,143935,1
25,2,14,55,Sales,67210,0
42,19,12,40,Finance,124961,1
35,8,16,41,IT,90786,1
33,7,16,59,HR,94092,1
48,7,16,44,Sales,88199,1
53,4,12,44,HR,69427,0
43,11,18,40,Sales,111303,1
53,0,18,40,HR,63730,0
38,14,16,53,HR,118320,1
50,24,14,42,Sales,147032,1
46,17,18,43,Sales,129592,1
36,5,16,35,Sales,83801,1
33,9,18,50,Sales,104688,1
59,25,16,40,Finance,147967,1
53,2,18,57,Sales,76658,0
46,21,18,42,Sales,142357,1
21,0,14,49,Sales,57929,0
58,21,14,46,IT,137281,1
22,1,18,44,HR,73224,0
26,2,16,50,Sales,77732,0
58,35,14,49,Sales,183074,1
44,20,12,45,HR,131627,1
38,8,14,58,HR,91492,1
47,21,18,41,Finance,144821,1
28,7,18,42,HR,93830,1
48,25,12,45,HR,146957,1
30,3,14,43,IT,69092,0
37,8,18,60,Finance,102224,1
49,25,12,41,IT,145566,1
26,4,12,49,HR,67703,0
34,1,16,49,Sales,69959,0
42,14,14,50,Finance,109934,1
26,5,14,37,HR,76233,0
46,10,14,50,HR,100361,1
59,30,18,49,Sales,173107,1
32,11,12,59,Sales,97767,1
55,7,16,35,Sales,91288,1
34,12,14,48,Finance,102549,1
42,20,16,58,IT,142227,1
43,16,16,56,Finance,126638,1
27,0,12,45,Sales,53857,0
60,23,14,37,Finance,140828,1
45,17,16,43,Sales,125015,1
33,3,14,40,IT,73770,0
41,14,14,57,Finance,118866,1
30,1,14,50,IT,68973,0
29,1,16,45,IT,65605,0
35,9,12,52,Sales,93384,1
22,0,12,51,Finance,59275,0
45,7,16,51,Finance,92369,1
33,3,18,37,IT,72627,0
54,6,14,53,Sales,81252,1
54,11,14,58,IT,102634,1
55,18,12,57,IT,126631,1
58,25,16,49,IT,149618,1
23,1,16,44,IT,72152,0
26,5,18,42,Finance,83207,1
39,15,18,51,HR,125106,1
23,0,12,38,Finance,54691,0
38,13,18,42,Sales,118196,1
59,2,18,60,HR,78226,0
29,1,16,36,IT,68960,0
32,11,16,57,Finance,111359,1
25,0,18,42,HR,64378,0
23,2,12,59,IT,72817,0
31,3,18,41,Finance,80058,1
50,12,12,43,HR,101421,1
24,2,18,52,Finance,75215,0
25,3,16,51,HR,74649,0
21,0,16,35,Sales,59443,0
47,2,12,46,Finance,62170,0
48,12,18,38,Finance,112108,1
49,28,18,51,HR,172533,1
38,1,12,41,Sales,57990,0
32,8,18,58,Finance,104234,1
33,12,14,37,Sales,97920,1
22,1,16,35,Sales,69632,0
57,23,16,53,Finance,151695,1
36,12,12,36,IT,92368,1
44,2,18,40,HR,78648,0
55,3,12,45,Finance,63310,0
42,17,14,57,Sales,121507,1
56,1,18,59,HR,82099,1
31,3,14,55,Finance,73455,0
49,21,12,38,HR,125591,1
55,14,16,35,HR,113832,1
35,0,14,45,Sales,61002,0
51,28,18,50,IT,164580,1
36,9,12,40,IT,84515,1
30,0,12,45,HR,60143,0
52,30,12,42,Sales,163462,1
22,1,16,54,Sales,70755,0
44,2,12,35,Finance,64083,0
43,18,12,48,HR,118260,1
22,0,16,55,Finance,67375,0
58,12,12,60,Sales,106418,1
51,16,12,55,HR,114791,1
60,0,14,36,IT,62178,0
46,13,12,40,IT,99443,1
49,28,16,60,Finance,172814,1
23,1,14,43,HR,61911,0
34,2,12,48,Sales,66892,0
45,13,16,56,Finance,115943,1
21,0,18,42,IT,71434,0
23,0,12,60,Sales,58890,0
46,15,18,37,HR,123071,1
38,9,14,44,IT,88554,1
29,3,16,52,Sales,78383,0
58,8,14,54,IT,87597,1
43,13,18,43,HR,112903,1
41,3,18,43,Finance,78870,0
21,0,18,53,Sales,74059,0
41,9,16,47,Sales,96395,1
47,7,18,35,HR,86631,1
26,2,18,51,IT,76336,0
56,6,16,38,IT,80327,1
48,9,18,38,IT,103757,1
37,2,12,50,Sales,69269,0
60,1,18,50,Sales,74083,0
23,2,16,49,IT,69761,0
32,8,18,60,Sales,103710,1
59,16,16,40,Finance,118361,1
32,6,18,39,HR,88437,1
22,1,12,56,HR,60999,0
42,17,16,44,Sales,125401,1
43,14,16,41,Finance,108591,1
50,17,16,41,Finance,124837,1
25,3,16,44,IT,71280,0
29,6,18,44,HR,89400,1
41,20,18,59,HR,139579,1
31,9,12,49,HR,86682,1
25,1,12,40,Sales,61570,0
55,1,18,58,Finance,78352,0
47,4,14,36,IT,77121,0
22,0,16,42,Sales,65580,0
44,0,18,59,IT,69014,0
51,21,12,54,Sales,137500,1
53,3,16,49,HR,76125,0
59,5,12,55,IT,75586,0
50,22,14,55,Finance,138619,1
57,18,16,52,Finance,134169,1
48,10,14,39,Sales,97052,1
51,12,14,59,HR,111025,1
31,7,14,38,Sales,82145,1
43,6,18,44,IT,92977,1
22,0,12,53,Finance,59388,0
60,0,16,48,Finance,64535,0
47,5,18,57,Finance,90110,1
55,6,12,58,Finance,83946,1
22,1,18,47,IT,69736,0
59,26,12,44,Finance,149408,1
57,14,16,56,Sales,114551,1
41,19,16,40,Finance,130461,1
25,1,16,47,IT,71144,0
41,15,16,55,HR,124481,1
49,16,12,45,HR,118198,1
40,14,18,56,Finance,124387,1
58,34,16,59,HR,193230,1
40,3,16,49,IT,78700,0
45,11,16,36,Finance,101273,1
22,0,14,60,IT,68141,0
52,16,16,49,HR,118451,1
46,5,16,53,HR,83989,1
26,1,12,51,Finance,58548,0
23,1,14,54,HR,63064,0
53,26,12,52,Finance,145866,1
21,0,18,40,Finance,66821,0
25,1,14,49,Sales,65434,0
33,5,12,51,Sales,81180,1
39,5,12,58,Sales,79813,0
32,3,18,60,IT,86309,1
45,14,18,56,HR,119977,1
55,3,16,43,HR,73620,0
32,8,16,46,Sales,94329,1
50,15,14,56,Finance,113002,1
25,2,14,60,Finance,77890,0
54,25,18,57,Finance,155800,1
42,1,14,39,Finance,60213,0
59,27,16,48,IT,159441,1
33,9,18,58,HR,107055,1
23,0,12,42,Sales,55105,0
40,17,18,60,IT,132659,1
51,29,14,59,HR,169280,1
25,2,16,56,IT,77483,0
44,12,16,51,Finance,110953,1
60,23,12,43,IT,142303,1
53,28,12,37,IT,158021,1
28,7,18,59,Finance,93268,1
44,21,16,41,Finance,137172,1
40,4,12,46,Sales,76101,0
36,2,12,37,Sales,63420,0
32,2,18,43,HR,73918,0
33,6,18,48,Sales,89053,1
59,12,16,57,Sales,114632,1
45,4,14,57,HR,82712,1
52,11,14,57,IT,100875,1
44,13,16,52,IT,110018,1
29,5,14,45,IT,74472,0
60,21,16,38,Finance,135321,1
43,8,16,60,HR,98929,1
33,0,12,42,IT,57365,0
52,7,14,52,Sales,85187,1
35,9,16,47,Sales,100417,1
56,4,14,38,Sales,76585,0
25,4,14,44,HR,78647,0
42,21,18,42,HR,140969,1
36,5,14,46,Sales,80016,1
30,0,16,53,Finance,72535,0
44,2,12,46,Finance,67796,0
38,5,14,56,IT,86030,1
38,13,16,36,IT,106687,1
27,6,18,58,IT,90257,1
24,1,14,42,IT,59231,0
46,10,12,47,IT,93822,1
25,2,14,35,HR,63415,0
36,8,16,37,HR,88686,1
55,5,14,36,Finance,74674,0
46,0,14,57,Finance,62131,0
38,15,18,57,HR,122525,1
49,19,14,54,Finance,127701,1
43,14,12,42,Sales,104977,1
34,1,14,37,Finance,64235,0
35,0,18,59,Sales,76066,0
53,2,16,55,Sales,75994,0
45,2,14,49,IT,65365,0
41,4,14,36,Finance,74498,0
37,16,18,59,Sales,130141,1
43,22,18,51,Finance,144946,1
37,16,18,58,Finance,128907,1
34,3,14,40,HR,71099,0
49,5,12,35,HR,68163,0
40,0,18,38,IT,65325,0
50,6,16,53,Finance,90733,1
39,14,14,41,HR,111971,1
59,38,16,57,Sales,202152,1
33,2,16,56,Sales,76713,0
38,10,12,48,IT,97416,1
43,22,16,60,Sales,150924,1
53,13,18,48,Finance,115386,1
59,12,18,44,Sales,113511,1
60,19,14,58,IT,133779,1
38,8,12,41,IT,89079,1
29,8,12,50,Sales,82026,1
53,11,16,38,Finance,104811,1
52,9,12,41,HR,85470,1
37,5,16,49,Finance,84827,1
39,17,16,51,Finance,122683,1
47,1,12,37,Finance,59510,0
26,2,14,50,Sales,65126,0
55,18,16,36,HR,122279,1
57,5,18,41,Finance,89310,1
54,1,18,59,HR,74688,0
40,14,12,50,IT,103340,1
45,16,12,55,HR,116373,1
24,3,16,43,Sales,77256,0
30,4,16,46,IT,80901,1
30,7,18,58,IT,94505,1
44,9,16,35,Finance,94277,1
41,9,18,48,HR,102736,1
31,1,16,45,IT,66408,0
47,9,14,52,IT,92939,1
36,8,14,56,HR,88908,1
46,23,18,39,HR,147654,1
50,18,14,49,IT,127570,1
36,0,14,41,IT,62854,0
27,3,12,59,HR,74614,0
36,7,16,48,Sales,87825,1
55,2,12,54,HR,68294,0
36,9,18,42,Sales,102733,1
60,11,12,38,IT,98170,1
32,1,18,37,Finance,70000,0
55,22,14,46,HR,135776,1
41,19,12,52,IT,125729,1
56,5,14,58,IT,79982,0
37,1,16,49,Finance,74555,0
52,9,14,45,HR,97206,1
26,1,16,58,IT,71344,0
44,8,14,45,Sales,85258,1
47,26,12,46,Finance,146894,1
40,9,12,53,Sales,90779,1
45,1,14,51,HR,61912,0
22,1,18,40,Sales,68920,0
29,7,18,55,Finance,97283,1
48,16,16,42,IT,116421,1
58,16,16,49,Finance,121339,1
23,0,14,56,IT,65564,0
40,3,12,54,IT,67519,0
26,1,16,60,Sales,68776,0
59,11,14,44,Finance,104158,1
53,30,16,49,Finance,173331,1
21,0,12,46,IT,60811,0
57,8,16,45,Finance,88775,1
26,4,14,52,HR,78933,0
54,18,16,58,HR,136922,1
35,13,18,39,Sales,110093,1
46,13,16,46,Sales,106892,1
34,13,12,58,Finance,103287,1
27,0,12,39,Sales,54695,0
51,1,12,56,Finance,66393,0
44,7,12,44,Sales,81772,1
51,4,14,48,HR,81126,1
49,26,16,50,IT,158133,1
52,6,16,39,IT,86399,1
37,15,16,45,HR,122255,1
34,0,16,53,IT,66005,0
60,26,14,60,Finance,158890,1
56,6,12,42,Finance,78505,0
44,19,16,53,HR,131303,1
47,7,16,54,HR,91061,1
45,7,12,56,HR,89346,1
52,22,18,52,HR,146598,1
38,10,18,57,IT,104441,1
38,14,12,55,IT,106361,1
57,17,16,46,IT,122755,1
46,5,12,60,Finance,78292,0
29,5,16,47,Sales,84464,1
55,11,16,55,Finance,108991,1
28,6,18,55,Sales,94396,1
40,5,18,52,HR,85408,1
42,17,16,49,HR,129331,1
39,8,16,49,IT,97789,1
50,7,16,46,IT,93097,1
48,13,18,60,Sales,124393,1
55,18,16,43,Sales,126113,1
31,2,12,53,IT,70338,0
51,7,14,46,HR,83524,1
59,33,14,57,IT,178458,1
56,3,16,39,HR,70567,0
50,5,12,60,HR,79644,0
43,2,16,60,Finance,72702,0
39,2,12,55,Finance,64050,0
32,2,18,54,Sales,80871,1
35,10,18,44,HR,100533,1
51,28,16,56,IT,163598,1
57,9,18,41,HR,98255,1
57,11,16,57,Sales,105965,1
35,13,14,45,HR,110855,1
49,27,12,42,HR,148727,1
46,17,12,55,Sales,117084,1
22,1,14,41,HR,63773,0
40,8,14,50,Finance,88149,1
35,14,14,50,Sales,110426,1
24,3,14,48,Finance,74508,0
42,2,18,49,Sales,79537,0
58,22,12,54,HR,132679,1
43,10,12,43,Finance,90630,1
46,9,14,50,Finance,95859,1
31,1,16,50,IT,72642,0
48,3,16,39,Finance,70550,0
22,1,16,37,Finance,70491,0
28,4,16,55,HR,80147,1
49,28,18,59,Finance,172066,1
31,5,12,47,Finance,75708,0
57,12,12,42,Finance,95321,1
38,4,12,51,HR,71459,0
34,3,16,39,Sales,69533,0
30,7,14,40,HR,88355,1
55,12,16,60,Finance,115970,1
29,7,12,36,Sales,75523,0
55,14,16,56,HR,116254,1
31,2,14,48,HR,70277,0
32,0,14,59,Sales,67059,0
23,1,16,38,IT,71032,0
59,33,12,37,Finance,168233,1
34,1,18,43,IT,74215,0
48,18,12,52,Finance,122974,1
31,7,18,46,Finance,90316,1
59,2,12,43,IT,63433,0
45,22,16,60,IT,142005,1
41,13,18,52,Finance,116087,1
30,9,12,47,Sales,91319,1
35,8,16,48,Sales,93192,1
39,7,12,44,IT,85404,1
42,16,14,37,IT,115064,1
41,15,14,41,HR,108774,1
52,9,12,52,Sales,95268,1
43,20,16,50,Sales,134733,1
33,9,12,51,Finance,86420,1
25,0,16,59,HR,72295,0
24,0,18,40,Finance,71785,0
48,23,14,59,HR,150811,1
34,5,18,46,Sales,88152,1
28,5,16,53,Finance,89214,1
29,0,12,37,HR,57403,0
55,3,14,60,Finance,76029,0
57,3,16,37,HR,72519,0
41,1,16,52,IT,74609,0
38,10,14,45,Finance,94082,1
53,20,12,40,IT,122524,1
28,4,14,53,HR,80126,1
37,15,12,39,Finance,104092,1
51,20,12,47,HR,131919,1
54,3,16,39,HR,74523,0
26,0,12,60,IT,60021,0
42,18,12,37,Finance,114554,1
34,1,14,53,Sales,62952,0
23,0,14,51,HR,58975,0
32,6,12,56,IT,84560,1
56,17,16,37,Sales,127385,1
32,8,14,49,IT,90097,1
22,1,18,51,IT,73064,0
22,0,16,47,IT,66093,0
35,10,14,48,HR,101207,1
43,3,14,60,Sales,75727,0
49,9,18,50,HR,107323,1
37,2,12,59,HR,68989,0
52,5,14,45,Finance,83136,1
27,2,18,51,Sales,78280,0
50,26,18,39,Finance,161514,1
48,8,14,55,IT,93166,1
34,2,16,49,Sales,76347,0
50,17,14,52,Sales,125471,1
37,7,18,50,HR,99162,1
52,21,14,48,IT,132855,1
26,4,16,48,HR,77796,0
44,6,12,47,Finance,76190,0
26,2,12,35,IT,59323,0
47,7,14,40,HR,82029,1
38,9,14,57,HR,99144,1
44,16,18,45,HR,124673,1
57,0,16,45,IT,69751,0
44,12,18,59,Finance,117659,1
58,28,18,50,Sales,172838,1
54,12,12,58,HR,107945,1
60,28,18,60,IT,175955,1
35,8,18,37,Sales,92426,1
31,9,12,59,HR,88658,1
42,5,12,51,IT,80683,1
44,4,16,56,Finance,80372,1
21,0,16,48,HR,67340,0
38,1,16,60,IT,71039,0
32,10,14,36,HR,92969,1
48,8,12,60,IT,94010,1
60,37,14,59,Finance,196273,1
27,0,14,43,Finance,64610,0
43,8,16,42,IT,92070,1
41,7,12,45,Sales,84473,1
54,2,14,41,Finance,66291,0
31,2,18,56,HR,83334,1
42,1,18,36,Finance,72108,0
55,31,12,38,HR,165087,1
49,16,14,60,Finance,124608,1
48,15,16,57,Finance,122908,1
38,3,14,48,HR,72431,0
34,1,18,47,Finance,73726,0
38,13,18,56,HR,113743,1
48,1,16,59,HR,71904,0
44,12,12,47,Finance,97000,1
28,2,14,47,Finance,73809,0
28,2,18,39,HR,71256,0
24,0,14,46,IT,65089,0
47,19,16,40,Finance,126544,1
56,16,16,60,Sales,129659,1
25,0,12,56,Finance,64345,0
53,19,16,48,IT,127971,1
54,4,12,42,IT,75167,0
50,6,14,58,Finance,82475,1
28,1,18,56,Finance,80737,1
59,10,18,42,Sales,107815,1
46,17,12,41,Finance,119981,1
57,26,18,51,IT,161855,1
54,25,12,55,Sales,148286,1
27,4,12,45,Finance,70962,0
60,27,14,60,Sales,159221,1
48,17,14,44,Sales,118807,1
59,1,16,47,IT,69302,0
59,19,12,44,IT,121275,1
48,3,14,55,HR,73046,0
34,12,12,60,IT,99748,1
58,23,12,48,HR,135599,1
24,0,12,43,IT,60693,0
38,15,14,41,IT,112515,1
45,5,12,41,HR,77246,0
27,1,12,60,HR,63224,0
58,28,16,52,HR,165919,1
48,25,12,50,Sales,142335,1
25,3,16,42,HR,71950,0
23,1,12,50,Sales,62264,0
51,30,16,53,Sales,171002,1
40,8,14,49,HR,89349,1
39,17,14,59,HR,126944,1
31,0,18,49,HR,68233,0
60,7,12,40,IT,77806,0
23,1,18,43,IT,67893,0
43,14,18,49,HR,124022,1
27,0,16,59,Finance,70400,0
43,16,14,41,HR,118233,1
27,6,12,60,Finance,82040,1
54,1,12,42,IT,56876,0
39,5,16,52,IT,81967,1
29,4,18,55,Finance,84234,1
38,16,16,50,IT,121331,1
45,1,18,49,HR,72640,0
34,1,12,37,Finance,53809,0
45,9,16,35,Finance,97106,1
39,9,18,47,Sales,101708,1
59,37,16,56,IT,196029,1
35,10,14,46,Finance,99922,1
36,11,16,43,Finance,103170,1
47,16,12,36,Finance,110000,1
60,12,16,43,IT,105661,1
30,3,12,42,Finance,71439,0
24,3,12,59,Finance,74143,0
39,15,16,39,HR,120682,1
48,9,16,47,HR,95714,1
41,20,16,36,Sales,130500,1
34,1,14,44,Finance,66394,0
53,30,14,60,IT,174865,1
30,6,18,40,Sales,90759,1
39,6,16,41,Sales,89248,1
50,5,18,37,Sales,84784,1
42,0,18,48,Finance,69696,0
23,0,12,50,Sales,62048,0
57,11,18,40,IT,105837,1
38,8,16,56,HR,101479,1
31,9,14,42,HR,96259,1
22,0,18,35,Finance,64512,0
32,1,18,54,IT,73052,0
26,0,14,49,IT,62109,0
60,9,18,51,IT,104421,1
49,11,16,58,Finance,105743,1
50,14,18,52,IT,116482,1
22,0,12,58,HR,56897,0
29,3,18,37,IT,78814,0
22,1,12,58,IT,61805,0
49,22,14,40,Finance,133540,1
53,0,14,51,Sales,65489,0
30,9,18,57,Sales,101598,1
54,33,18,47,Finance,181932,1
28,6,14,57,Finance,84466,1
57,16,12,56,Finance,121564,1
53,32,14,51,Finance,177529,1
26,3,14,55,IT,75340,0
60,20,12,50,IT,131526,1
39,13,14,51,Sales,107254,1
52,3,18,35,Finance,75816,0
47,4,18,50,Finance,85637,1
21,0,14,40,IT,56360,0
53,32,18,42,Finance,181905,1
60,0,16,35,HR,63474,0
52,20,14,36,IT,124363,1
25,4,16,49,HR,82001,1
37,1,14,39,IT,64356,0
28,0,14,58,IT,61133,0
54,4,16,54,IT,86144,1
29,8,14,49,Sales,90874,1
43,18,18,55,Sales,133474,1
55,12,16,44,IT,108914,1
27,3,14,39,IT,69186,0
35,4,18,37,IT,81929,1
40,1,16,40,IT,64285,0
45,3,16,55,Finance,76633,0
23,2,18,49,Finance,79780,0
44,17,14,52,Finance,120192,1
54,9,14,48,Sales,96714,1
42,12,16,44,HR,112197,1
31,1,12,38,IT,61335,0
28,1,14,45,Finance,61248,0
59,14,14,54,Finance,116607,1
55,9,18,41,Finance,98745,1
58,21,12,49,IT,128925,1
28,7,12,57,IT,83301,1
57,24,16,43,HR,153292,1
47,14,18,49,Sales,116240,1
48,12,18,60,HR,116842,1
60,7,14,46,IT,86102,1
54,20,16,52,HR,133112,1
52,20,14,40,Finance,132271,1
35,5,12,52,HR,80273,1
37,13,18,59,Finance,120288,1
53,32,16,52,HR,175402,1
36,12,14,56,Finance,107188,1
49,26,14,58,HR,158939,1
29,7,12,40,Sales,82576,1
53,21,18,49,HR,140101,1
49,8,12,53,IT,89776,1
33,12,14,39,IT,100858,1
41,2,18,38,Finance,71188,0
41,17,18,51,IT,130400,1
25,1,12,55,Finance,60699,0
30,4,18,44,Sales,84878,1
26,2,12,46,IT,65549,0
33,8,18,39,IT,100100,1
21,0,18,41,Finance,66293,0
40,5,16,46,Sales,79894,0
28,5,18,57,Sales,89041,1
30,7,14,36,HR,80138,1
29,7,16,54,Finance,95608,1
23,2,12,51,Finance,64202,0
31,4,14,47,Sales,78505,0
32,1,12,39,Finance,61247,0
30,9,12,39,IT,84539,1
45,20,14,54,IT,133721,1
45,11,12,60,IT,100428,1
31,6,16,46,Finance,82299,1
56,27,14,46,HR,154927,1
59,38,12,41,HR,193336,1
46,10,12,40,Sales,95252,1
34,12,18,44,Finance,111845,1
59,14,18,53,Sales,118581,1
60,17,12,50,Finance,123112,1
21,0,14,36,HR,62741,0
24,2,16,38,IT,74637,0
50,5,12,43,Finance,73990,0
32,6,12,60,HR,81474,1
55,10,12,39,HR,86926,1
33,7,18,35,HR,88973,1
51,19,14,45,IT,128045,1
58,32,12,53,HR,176461,1
43,7,18,59,Sales,94238,1
24,3,12,57,HR,68387,0
36,2,12,37,HR,66944,0
27,2,14,35,Finance,65215,0
42,4,18,38,Finance,81122,1
49,2,16,43,Finance,75511,0
31,4,14,50,HR,74897,0
53,23,16,41,HR,144384,1
49,16,18,39,Sales,125019,1
59,17,18,47,IT,127902,1
32,1,16,45,HR,64795,0
27,3,18,48,IT,81337,1
59,15,14,56,HR,115109,1
46,3,12,51,IT,65266,0
60,24,16,57,Finance,157646,1
29,1,12,46,HR,56572,0
54,27,16,55,Sales,164308,1
33,10,12,57,IT,94589,1
56,12,12,55,Finance,101151,1
45,24,14,55,Sales,150635,1
44,6,12,53,Finance,76855,0
37,9,16,39,HR,95586,1
22,1,12,58,Sales,67797,0
33,0,18,42,IT,67009,0
51,28,12,36,IT,149719,1
49,20,12,51,Sales,127232,1
48,24,18,36,IT,153575,1
47,3,18,57,Finance,86979,1
35,1,16,37,Sales,61807,0
51,5,18,58,IT,85973,1
60,1,18,54,Finance,78743,0
35,2,16,60,IT,76768,0
53,7,16,60,Finance,97061,1
40,15,12,58,HR,118141,1
32,2,14,52,Finance,70569,0
57,5,16,49,IT,86904,1
29,2,18,39,Finance,75589,0
43,15,12,56,IT,116319,1
28,0,18,51,Sales,75006,0
52,11,16,48,Sales,105819,1
34,13,14,35,HR,99279,1
47,13,12,48,Finance,103755,1
45,18,16,43,HR,131647,1
33,5,16,39,Sales,81352,1
41,18,18,38,Finance,132861,1
51,8,14,35,Finance,89291,1
57,6,16,37,HR,79390,0
25,4,18,54,HR,86080,1
33,1,12,45,Finance,63983,0
48,8,18,50,Finance,101723,1
45,20,12,45,Finance,130468,1
55,6,18,55,HR,90122,1
59,8,14,44,IT,87751,1
27,3,18,46,Sales,79478,0
58,24,14,39,Sales,141975,1
52,16,14,44,HR,117457,1
23,1,12,58,Finance,68174,0
59,17,18,47,Sales,128595,1
57,20,18,53,Sales,142706,1
42,14,18,41,Sales,121139,1
28,7,14,50,Sales,89262,1
37,2,16,40,Finance,69692,0
47,1,18,44,HR,69457,0
53,3,18,44,Finance,79655,0
37,1,16,60,Finance,74962,0
32,1,12,45,Sales,61964,0
47,1,18,56,Sales,78714,0
28,5,16,44,Finance,84904,1
43,21,18,59,Finance,149048,1
49,6,14,48,Finance,79125,0
40,11,16,49,IT,101307,1
36,5,14,41,Sales,77148,0
37,3,16,47,HR,79686,0
36,2,12,45,HR,66573,0
39,12,14,41,HR,98124,1
28,3,18,45,IT,79602,0
58,20,16,48,IT,141326,1
58,22,18,51,HR,150792,1
49,24,12,50,HR,138350,1
56,30,16,35,HR,167702,1
46,1,12,43,Finance,57573,0
51,7,16,43,Sales,93426,1
32,2,14,44,IT,71094,0
37,8,18,53,IT,99891,1
35,9,14,49,Finance,92202,1
29,3,14,50,IT,71009,0
59,30,14,45,HR,164172,1
32,2,14,58,IT,70842,0
52,9,16,59,Finance,100358,1
45,5,18,51,Sales,87921,1
59,9,16,53,HR,102207,1
38,12,16,47,IT,109337,1
35,8,16,40,HR,94026,1
52,6,14,49,Sales,86841,1
26,3,12,50,IT,71679,0
55,18,14,38,HR,123197,1
54,18,16,42,Finance,122897,1
58,11,14,59,Finance,105280,1
25,4,18,41,Sales,85046,1
38,3,18,51,Sales,84134,1
36,8,14,50,Sales,89938,1
28,3,14,36,IT,72232,0
45,9,12,51,Sales,93725,1
52,20,14,59,IT,132294,1
46,6,14,38,HR,78615,0
42,4,12,60,Finance,80673,1
51,16,14,48,HR,117779,1
30,1,14,42,Finance,62282,0
32,10,14,39,Sales,94145,1
48,14,14,39,HR,111271,1
26,4,14,39,HR,78665,0
40,6,16,39,Sales,81051,1
25,1,14,37,HR,67109,0
43,5,12,40,IT,74113,0
29,1,14,35,Finance,57211,0
49,15,16,42,Sales,113374,1
36,1,12,47,IT,60862,0
42,18,12,54,IT,124167,1
28,0,14,40,Sales,58734,0
40,10,18,52,HR,110977,1
34,3,16,52,Finance,80875,1
59,36,18,50,IT,201066,1
57,22,14,42,HR,138138,1
54,0,16,51,Sales,66802,0
31,2,18,42,Sales,73085,0
60,2,16,49,Finance,75954,0
53,1,14,60,Sales,68870,0
51,23,16,44,Finance,146234,1
54,16,14,35,Sales,116205,1
27,3,18,43,Sales,77798,0
43,17,16,51,IT,128055,1
27,0,12,54,HR,60087,0
45,14,14,59,IT,116145,1
23,1,16,35,Finance,69327,0
58,26,12,43,IT,143232,1
40,4,12,48,Sales,76618,0
54,31,12,58,Sales,168133,1
50,27,12,39,HR,146735,1
37,12,14,40,Finance,99124,1
30,2,16,39,Sales,67932,0
55,27,12,38,HR,148857,1
40,9,16,50,HR,101147,1
38,13,16,50,Sales,112782,1
47,21,18,44,Sales,142840,1
56,25,16,48,Finance,156644,1
43,11,14,47,HR,101297,1
52,10,14,38,HR,90352,1
30,6,12,48,HR,77769,0
31,6,16,60,Finance,92442,1
58,16,14,58,HR,122953,1
26,1,14,58,IT,70730,0
54,6,14,43,IT,77064,0
56,19,12,37,HR,123849,1
57,10,14,44,IT,93905,1
37,11,16,49,IT,110131,1
60,15,14,58,Finance,113003,1
60,26,14,53,HR,157197,1
32,2,12,36,Finance,61491,0
41,10,16,36,HR,97015,1
60,15,14,43,Sales,114802,1
39,11,16,38,IT,98027,1
23,2,16,39,Finance,66063,0
38,7,14,36,Finance,88061,1
39,2,12,59,Sales,71761,0
26,1,16,41,Sales,63168,0
36,11,18,53,IT,109349,1
28,5,14,40,IT,77553,0
38,15,16,57,HR,122463,1
59,23,16,50,HR,147804,1
32,1,16,48,Sales,71437,0
30,3,14,46,IT,74811,0
27,1,18,40,IT,71850,0
21,0,16,60,Sales,67092,0
56,13,16,60,Sales,120207,1
41,17,12,56,Finance,115894,1
57,1,14,47,Sales,62045,0
44,0,14,49,Finance,61322,0
45,19,16,58,HR,131665,1
27,1,12,48,Sales,62940,0
37,8,16,42,Sales,97132,1
49,8,16,55,Sales,101278,1
50,15,14,54,Finance,118136,1
27,2,12,45,Sales,64131,0
53,26,16,55,Sales,163325,1
27,6,14,43,IT,83509,1
44,5,16,46,IT,84492,1
31,2,16,60,IT,80153,1
29,6,12,40,Sales,76756,0
32,0,12,53,IT,63550,0
55,19,12,37,HR,123440,1
24,1,16,35,IT,67905,0
56,5,18,49,Sales,93072,1
48,10,12,49,IT,93550,1
33,2,18,39,IT,71593,0
43,3,18,56,IT,78808,0
39,9,18,58,HR,100635,1
57,28,14,45,HR,160853,1
59,37,16,59,Finance,196951,1
44,0,12,57,Sales,58943,0
36,7,16,35,HR,90483,1
53,7,16,57,HR,89411,1
32,8,14,44,HR,86297,1
54,16,14,59,Sales,117349,1
27,2,14,54,Finance,68797,0
31,0,16,45,Sales,61060,0
51,14,18,41,IT,121261,1
49,12,16,59,Finance,111351,1
33,4,14,51,IT,72803,0
51,2,16,46,HR,76619,0
22,1,14,60,Sales,68362,0
59,1,14,59,IT,70851,0
35,2,12,38,Finance,59574,0
31,8,18,46,IT,96327,1
54,15,14,58,IT,118323,1
59,20,12,37,HR,126602,1
24,3,18,52,IT,84823,1
31,0,14,46,IT,65625,0
49,19,18,58,HR,141002,1
22,1,18,58,Finance,79888,0
36,0,16,53,HR,68052,0
59,20,12,47,IT,123600,1
33,11,18,50,Sales,106063,1
57,35,16,42,HR,186175,1
37,6,18,40,HR,85174,1
41,6,16,44,IT,90990,1
39,7,14,59,Sales,92886,1
27,5,14,44,Finance,75858,0
58,25,16,40,Sales,148484,1
28,7,14,42,HR,87399,1
33,7,14,52,Sales,83619,1
57,11,14,51,Finance,98128,1
22,0,18,60,Sales,76196,0
31,7,16,44,Sales,91693,1
44,21,12,36,Sales,132424,1
26,0,12,46,HR,60318,0
46,2,16,54,IT,79933,0
27,5,18,44,IT,89359,1
59,20,14,43,Sales,126307,1
39,15,14,50,HR,112031,1
26,3,18,41,HR,74423,0
49,19,12,43,HR,121166,1
59,15,16,59,IT,121847,1
22,1,16,59,HR,71027,0
39,10,18,58,Sales,107815,1
24,1,14,40,IT,59166,0
26,4,14,44,HR,79019,0
57,4,14,41,Sales,72576,0
48,10,16,52,IT,107576,1
50,28,12,45,HR,156105,1
27,4,16,35,Finance,72633,0
29,5,18,55,Sales,86509,1
45,15,16,58,Finance,118758,1
53,14,18,53,IT,125707,1
21,0,16,57,HR,70319,0
26,2,12,39,Sales,62405,0
38,1,18,60,Sales,78117,0
30,1,14,58,Sales,68474,0
48,11,14,40,Finance,101056,1
31,2,16,56,HR,75483,0
53,13,16,41,HR,107211,1
21,0,12,57,HR,56408,0
33,7,12,38,Finance,82130,1
57,27,14,60,IT,159862,1
40,15,16,50,Finance,120676,1
21,0,18,44,IT,66032,0
23,0,12,60,Finance,63183,0
38,9,18,49,HR,104079,1
34,0,18,47,HR,71510,0
51,12,12,42,HR,95600,1
47,15,16,56,Finance,125158,1
37,8,18,47,Sales,94784,1
49,23,16,58,Finance,150517,1
56,35,18,41,IT,192582,1
57,28,16,51,Finance,163376,1
46,25,16,38,IT,151016,1
37,15,16,41,Finance,120437,1
42,10,16,50,Sales,101383,1
45,6,12,59,Sales,85724,1
22,0,18,36,HR,71073,0
42,21,16,55,Sales,142786,1
25,4,14,59,Finance,78451,0
24,3,18,59,Sales,86985,1
56,13,18,56,HR,119395,1
26,1,16,57,Finance,75631,0
41,9,18,59,IT,101745,1
33,9,14,48,Finance,93731,1
57,33,14,48,HR,181205,1
45,22,14,60,Sales,146963,1
46,8,18,42,Sales,97115,1
59,36,18,60,Finance,196012,1
40,7,16,40,IT,90896,1
53,13,18,56,IT,121254,1
34,6,18,41,IT,93744,1
56,6,16,41,IT,87834,1
37,8,14,36,Finance,86003,1
41,2,16,59,Sales,76077,0
36,13,12,38,IT,98568,1
36,0,18,47,Finance,71633,0
40,17,18,44,Finance,133319,1
49,11,12,43,Finance,93641,1
48,21,12,49,IT,128077,1
28,5,12,46,IT,71498,0
44,12,16,44,Finance,102653,1
23,1,14,53,Finance,67004,0
45,8,16,55,Finance,100955,1
39,18,12,39,Sales,115843,1
53,25,16,41,Sales,153145,1
22,1,18,54,HR,77904,0
35,10,16,45,HR,98558,1
42,16,12,50,IT,112856,1
30,1,18,47,Sales,77703,0
38,6,14,38,HR,85059,1
42,17,16,50,Finance,121940,1
47,12,16,47,Finance,104095,1
33,4,12,35,IT,65611,0
53,22,14,56,IT,140900,1
25,1,18,38,HR,72115,0
46,23,12,49,Finance,137668,1
33,7,12,60,IT,87973,1
47,15,16,60,IT,122766,1
34,7,14,55,Sales,90492,1
44,14,12,59,HR,110160,1
23,0,16,50,IT,70714,0
50,0,18,38,HR,71297,0
55,27,12,51,Finance,150559,1
34,0,18,45,HR,64749,0
32,9,18,59,IT,105196,1
48,1,16,39,Sales,66544,0
49,26,14,60,HR,161566,1
37,5,18,47,HR,89191,1
60,4,12,46,Finance,74508,0
41,4,14,57,Sales,80582,1
43,14,14,37,HR,112395,1
40,14,16,38,Sales,113638,1
31,3,12,44,IT,71150,0
54,4,12,43,Sales,75239,0
30,0,16,44,IT,67296,0
30,5,16,47,Finance,79504,0
26,1,14,35,Finance,62042,0
56,14,18,46,Finance,121695,1
44,22,18,45,IT,148956,1
32,5,18,55,HR,87139,1
43,8,18,42,IT,96743,1
47,14,12,60,Sales,109178,1
57,29,12,57,Sales,161747,1
26,2,16,48,IT,72789,0
21,0,16,48,Finance,63747,0
26,5,18,54,Finance,90201,1
42,14,16,57,Sales,114691,1
44,19,12,51,Sales,123041,1
45,12,18,56,HR,113428,1
35,8,18,59,HR,105746,1
46,0,12,53,HR,55650,0
28,2,14,54,Sales,74111,0
44,5,18,58,HR,94330,1
58,7,16,55,Sales,94535,1
26,2,14,55,Sales,69195,0
55,17,12,51,IT,119956,1
21,0,14,40,HR,59636,0
56,26,14,48,IT,157908,1
32,1,18,52,IT,72404,0
58,31,14,51,HR,166907,1
31,9,16,40,Sales,92104,1
32,0,18,39,Sales,64608,0
59,31,12,47,Sales,163830,1
27,4,16,50,HR,83921,1
31,5,18,55,Sales,93558,1
56,35,14,43,IT,185563,1
51,3,16,46,Finance,79001,0
53,20,18,44,HR,137794,1
33,4,18,60,Finance,85921,1
38,15,12,47,IT,107340,1
44,13,18,53,Finance,115218,1
29,8,12,50,IT,83353,1
51,23,14,51,Finance,147443,1
30,8,18,50,Finance,100140,1
22,0,18,48,Sales,69816,0
58,34,14,50,Finance,186076,1
35,0,18,58,IT,74417,0
23,1,18,49,IT,76193,0
51,9,16,46,IT,93042,1
26,4,12,39,HR,70289,0
23,1,18,45,IT,75005,0
31,3,18,39,HR,80828,1
35,10,12,58,IT,99402,1
48,14,16,58,HR,115962,1
30,7,12,45,Finance,78260,0
58,1,18,36,Finance,72539,0
27,2,14,53,IT,73339,0
35,1,14,60,HR,66834,0
38,4,16,60,Sales,85230,1
38,12,16,51,Sales,112877,1
44,0,18,53,Sales,67502,0
22,0,16,46,Finance,61242,0
60,31,18,54,Finance,179007,1
40,6,14,57,HR,88941,1
54,12,16,59,IT,112556,1
46,23,18,39,Finance,146501,1
27,3,12,46,IT,65601,0
58,31,16,50,Sales,177595,1
50,10,18,35,Sales,104341,1
25,1,18,36,IT,69750,0
31,1,12,44,HR,59266,0
21,0,14,36,Sales,60353,0
54,33,12,59,HR,174676,1
21,0,18,44,Sales,71320,0
39,18,12,57,Finance,123110,1
22,1,12,52,Sales,60489,0
41,0,18,35,HR,63330,0
40,10,14,39,Finance,96240,1
43,17,12,46,Sales,116373,1
41,9,12,51,Finance,91345,1
44,17,16,59,Finance,129029,1
24,1,16,53,Sales,74454,0
32,11,18,52,IT,107366,1
42,0,18,47,IT,73887,0
40,18,18,56,HR,139182,1
38,15,16,37,HR,114062,1
21,0,18,55,Sales,76335,0
50,25,12,44,Finance,145618,1
53,14,12,48,Finance,111710,1
44,0,14,42,IT,59367,0
34,6,18,44,IT,95059,1
56,33,12,36,Finance,166405,1
25,0,12,47,Finance,55955,0
31,8,14,39,HR,89203,1
44,23,12,45,Finance,135159,1
51,9,14,58,Finance,96298,1
33,5,14,35,Sales,75146,0
36,14,16,60,Finance,122997,1
44,4,12,44,IT,72224,0
33,7,16,47,IT,94492,1
44,7,12,38,HR,78691,0
46,4,16,55,HR,82256,1
22,1,14,44,Sales,69692,0
36,6,14,46,HR,79707,0
58,12,14,48,Finance,100536,1
21,0,14,37,Finance,58231,0
31,0,12,36,Sales,50422,0
55,3,18,53,IT,84645,1
49,17,12,45,Finance,114896,1
57,2,16,55,Finance,76159,0
37,11,12,41,Sales,94768,1
59,0,12,52,IT,60023,0
48,26,16,48,HR,153815,1
49,10,14,41,Finance,97097,1
23,1,16,56,IT,69362,0
30,0,16,41,Sales,61987,0
34,7,18,57,Sales,96862,1
32,3,18,43,IT,76088,0
50,18,14,57,Sales,127258,1
52,16,16,46,HR,124538,1
52,1,16,40,IT,70894,0
52,2,16,60,HR,81730,1
46,2,12,58,Sales,64524,0
21,0,18,41,HR,72386,0
22,1,18,56,HR,76588,0
37,9,14,38,HR,95647,1
50,23,18,50,HR,148950,1
59,17,18,41,IT,129290,1
27,1,14,42,Sales,68078,0
47,13,16,42,Sales,114267,1
29,6,12,54,Finance,81129,1
42,0,14,60,HR,65288,0
54,22,18,59,HR,148646,1
21,0,14,37,Finance,62015,0
29,8,18,43,Finance,94936,1
40,4,16,53,HR,84616,1
39,0,16,47,Sales,65175,0
56,20,16,41,Finance,134807,1
60,9,18,54,HR,104796,1
24,2,14,55,Sales,74224,0
29,8,18,49,IT,102228,1
42,19,16,53,Finance,133067,1
38,1,16,36,Finance,70096,0
32,6,16,46,Sales,84336,1
59,14,18,42,IT,113265,1
29,1,12,57,Sales,62517,0
26,3,16,57,Finance,75832,0
39,13,14,42,IT,109027,1
27,1,16,47,HR,70624,0
36,1,18,35,Finance,73543,0
25,1,14,58,Sales,73853,0
36,2,18,44,Sales,74095,0
21,0,12,55,Sales,62913,0
57,36,12,58,Sales,188574,1
59,24,18,43,Sales,152470,1
39,15,16,36,Finance,117724,1
57,14,14,53,IT,117241,1
37,11,16,56,Sales,108662,1
46,8,18,59,Sales,103088,1
42,13,18,48,HR,115438,1
28,4,16,44,HR,80844,1
53,7,14,44,IT,88094,1
22,1,14,42,Finance,63450,0
50,2,14,48,Finance,64469,0
40,1,14,47,IT,69369,0
38,15,14,40,IT,114669,1
30,2,12,55,IT,67090,0
44,8,12,47,Sales,85184,1
24,3,18,37,Finance,78534,0
57,30,12,54,IT,168520,1
24,1,14,47,HR,62106,0
33,9,14,57,Sales,93248,1
45,3,14,57,Sales,78784,0
33,9,18,53,Sales,101567,1
38,12,18,50,Sales,110548,1
44,17,16,38,IT,119379,1
22,0,12,37,Sales,60094,0
53,31,12,49,HR,167723,1
39,3,16,49,HR,72207,0
29,8,16,52,IT,90819,1
48,3,12,56,Sales,75216,0
55,28,14,41,HR,157497,1
59,15,12,54,Finance,114617,1
30,4,14,39,Sales,70749,0
21,0,18,42,IT,67385,0
41,14,12,59,Finance,113357,1
29,7,12,57,Sales,84512,1
35,1,18,44,Finance,76662,0
55,34,18,35,Sales,181239,1
25,3,18,45,Sales,79295,0
42,3,18,37,HR,76721,0
43,0,18,55,Finance,72539,0
27,6,16,37,Finance,86915,1
43,8,16,49,IT,96700,1
45,16,18,51,IT,130688,1
47,13,18,52,Finance,112609,1
26,0,18,42,HR,65595,0
54,0,18,57,HR,69114,0
29,6,14,47,Sales,81201,1
53,26,14,44,IT,148122,1
26,0,18,37,IT,72083,0
57,31,18,54,IT,185447,1
51,18,12,48,Sales,121827,1
54,23,18,47,HR,153812,1
49,24,18,37,IT,147164,1
34,2,16,47,Sales,74111,0
56,11,14,54,Finance,99599,1
56,34,18,58,HR,190943,1
35,14,14,59,Finance,110666,1
28,0,14,57,IT,65883,0
46,17,12,43,Sales,120105,1
56,31,14,59,HR,172774,1
41,6,14,50,IT,79040,0
48,18,18,57,HR,138081,1
24,2,16,57,Sales,71362,0
36,15,18,42,Sales,124245,1
42,4,18,46,IT,88024,1
32,9,16,60,HR,98319,1
36,7,16,46,Sales,85427,1
60,20,12,53,HR,127478,1
58,6,16,58,HR,91251,1
57,36,18,51,Finance,200237,1
49,22,16,49,IT,141911,1
38,10,16,56,IT,107885,1
30,9,16,52,HR,96906,1
59,20,14,41,Finance,127579,1
38,8,12,47,HR,88176,1
21,0,14,53,IT,64587,0
59,32,14,50,IT,177926,1
41,19,12,45,HR,120787,1
21,0,14,60,HR,65732,0
35,0,16,39,HR,60879,0
24,3,12,60,IT,75868,0
40,2,14,36,HR,63923,0
30,1,18,35,HR,70665,0
43,3,14,50,Sales,76713,0
54,26,18,39,IT,154352,1
53,18,16,59,HR,131090,1
54,4,18,59,Finance,91674,1
59,28,14,41,IT,161659,1
30,7,14,43,HR,89653,1
40,9,14,38,HR,94964,1
21,0,12,53,Sales,56681,0
33,7,12,54,Sales,85566,1
21,0,14,49,IT,64783,0
25,2,14,41,Sales,71888,0
36,6,16,58,Sales,94223,1
35,7,12,52,IT,80701,1
48,12,12,39,Finance,95581,1
51,28,12,55,HR,163142,1
43,4,18,59,HR,84563,1
37,11,14,47,Sales,102933,1
54,12,16,37,HR,100821,1
33,5,16,40,Sales,83742,1
34,7,14,60,IT,93073,1
31,0,14,46,IT,64653,0
48,21,16,55,IT,137242,1
52,5,18,52,HR,91005,1
55,0,16,52,Sales,67238,0
51,10,18,38,Sales,101772,1
37,10,18,54,HR,106845,1
29,7,12,57,IT,86027,1
30,5,14,48,Finance,83494,1
28,2,12,48,Sales,61853,0
41,18,18,35,Sales,133688,1
33,11,16,45,HR,103171,1
25,3,12,56,Finance,72782,0
26,4,16,43,IT,80808,1
50,9,18,52,Sales,103669,1
51,21,16,39,HR,135701,1
37,15,12,44,Finance,105886,1
31,0,18,49,HR,67081,0
40,5,14,44,Finance,80513,1
29,8,12,50,HR,83904,1
22,1,12,38,Finance,55652,0
57,19,14,38,Sales,130829,1
21,0,18,42,Finance,65554,0
24,1,14,40,IT,63771,0
56,13,12,57,Sales,102137,1
45,16,18,45,IT,128082,1
23,1,16,59,Sales,70590,0
29,8,12,47,Finance,91081,1
42,15,16,53,Sales,123330,1
43,3,14,45,HR,76382,0
32,1,18,36,Finance,69236,0
30,0,14,37,HR,55595,0
54,2,16,49,HR,74916,0
30,6,12,58,HR,81923,1
50,10,18,47,HR,103470,1
42,15,14,59,IT,114459,1
26,1,16,44,Finance,69526,0
22,1,16,39,HR,66275,0
50,17,12,58,IT,118930,1
22,0,16,45,Sales,65195,0
52,8,18,57,HR,96196,1
36,11,16,48,HR,109411,1
32,10,12,59,IT,96201,1
21,0,14,54,Sales,68106,0
28,1,18,49,Sales,71694,0
33,4,14,47,IT,73846,0
35,7,14,60,HR,89543,1
28,4,16,37,Finance,77239,0
30,9,16,43,IT,91984,1
25,2,12,42,Finance,59553,0
39,1,16,49,HR,68097,0
58,24,16,57,HR,155628,1
31,2,14,35,Sales,62530,0
40,7,18,36,HR,86893,1
40,1,16,43,Sales,65231,0
41,18,18,55,Sales,139047,1
38,0,16,51,HR,72168,0
30,5,16,43,Sales,83999,1
54,4,12,35,HR,63611,0
46,5,16,42,Sales,81570,1
50,3,12,39,Sales,70236,0
29,0,14,45,HR,58673,0
51,29,18,40,Finance,167578,1
24,0,16,51,IT,63683,0
26,4,12,52,HR,75321,0
34,4,14,57,Sales,78070,0
24,3,16,52,IT,73461,0
46,15,12,39,Finance,112070,1
59,21,12,59,HR,135278,1
37,10,14,39,Sales,92511,1
39,1,16,53,Sales,69222,0
26,0,16,47,HR,71023,0
49,14,18,56,Sales,126279,1
31,1,16,41,IT,67695,0
36,12,12,60,Sales,107466,1
50,9,18,48,IT,97805,1
45,5,18,60,IT,94641,1
60,31,16,42,HR,169982,1
31,4,18,37,Sales,76591,0
27,6,12,38,IT,79211,0
46,4,12,44,Sales,74932,0
42,11,14,38,IT,95786,1
45,5,12,52,Finance,78232,0
39,13,14,57,HR,106055,1
51,25,18,46,HR,152950,1
46,22,14,54,HR,145704,1
56,15,16,54,IT,117004,1
43,6,14,49,Finance,83212,1
33,1,16,47,IT,68209,0
45,5,18,46,HR,91295,1
22,0,14,42,IT,64589,0
22,0,12,56,HR,59184,0
36,1,16,56,Sales,72004,0
29,2,18,43,IT,76627,0
48,7,12,54,Sales,88972,1
33,10,16,43,IT,104405,1
55,24,18,51,HR,152945,1
33,3,18,59,Sales,86316,1
51,15,12,35,IT,107429,1
41,17,18,57,HR,129653,1
52,12,14,40,IT,100514,1
54,26,18,41,Sales,154609,1
28,1,16,43,IT,72376,0
22,0,16,44,IT,65200,0
58,0,16,38,Sales,63521,0
52,12,14,50,HR,105722,1
60,29,12,46,IT,161197,1
48,4,14,43,IT,75394,0
57,17,14,37,Finance,121239,1
21,0,14,60,Finance,70806,0
30,6,18,43,HR,93914,1
24,3,12,51,Sales,74319,0
55,6,18,48,HR,86457,1
30,3,14,39,HR,66448,0
31,0,16,60,HR,74641,0
34,10,14,55,IT,100536,1
58,30,12,35,IT,155017,1
32,2,16,35,HR,66577,0
37,0,12,37,HR,58442,0
36,4,14,43,Finance,72057,0
55,28,12,57,Sales,160484,1
22,1,18,40,HR,70173,0
31,0,16,43,Finance,67997,0
23,1,12,38,HR,59049,0
49,8,16,54,Sales,93713,1
38,8,16,53,HR,97508,1
40,9,14,39,Sales,87594,1
34,7,14,39,IT,80905,1
54,22,16,48,Sales,147764,1
51,10,12,44,HR,89621,1
60,32,16,57,Finance,184891,1
38,7,14,50,IT,86004,1
50,19,12,57,Finance,124899,1
45,11,16,40,HR,101515,1
39,0,14,54,IT,60696,0
28,1,16,57,Finance,74306,0
48,3,16,48,HR,78671,0
28,6,16,52,Finance,91306,1
51,18,12,43,Sales,123526,1
23,1,14,41,Sales,61458,0
23,2,14,52,HR,67923,0
42,4,18,44,Finance,81095,1
37,4,16,36,HR,73331,0
56,17,16,47,Finance,121381,1
37,2,18,40,IT,71425,0
34,10,16,57,HR,104028,1
29,5,12,43,HR,71951,0
50,1,18,54,Finance,78123,0
41,3,14,42,HR,66656,0
32,1,16,44,IT,72404,0
57,25,14,50,Finance,151938,1
52,9,16,49,Finance,99718,1
31,5,18,47,Finance,88386,1
40,14,14,52,IT,111751,1
55,32,16,40,IT,177093,1
31,10,12,54,HR,93099,1
28,5,18,58,Finance,92634,1
24,2,16,43,IT,71916,0
47,9,16,52,Sales,100609,1
60,23,16,41,HR,142760,1
58,20,18,57,IT,143043,1
50,15,16,58,IT,126344,1
47,7,16,39,IT,92116,1
41,1,14,45,HR,61306,0
40,6,14,47,IT,78859,0
24,2,18,37,IT,74338,0
31,6,18,35,Sales,82726,1
33,7,12,38,Sales,79697,0
29,0,16,53,Sales,71399,0
24,0,14,52,IT,61978,0
32,2,14,40,Sales,68712,0
29,4,16,57,Finance,87809,1
33,11,16,44,Sales,108423,1
46,5,18,41,Sales,86008,1
58,14,12,46,IT,109242,1
33,3,12,42,Finance,66848,0
59,2,18,47,Sales,81088,1
48,3,18,52,IT,84145,1
39,4,14,48,Finance,79024,0
44,17,18,45,Sales,125779,1
39,9,12,44,IT,90763,1
33,7,14,40,Finance,80085,1
33,11,12,47,Sales,92978,1
48,21,16,56,Finance,143007,1
22,1,12,44,Finance,61142,0
30,2,14,46,IT,70729,0
42,17,12,35,HR,115420,1
33,6,14,52,Finance,83631,1
29,7,14,47,Finance,89042,1
53,32,18,59,Finance,187060,1
34,13,12,58,Finance,103747,1
40,12,18,38,Finance,105441,1
35,8,18,40,HR,95839,1
52,11,12,52,IT,100451,1
53,17,14,39,HR,121985,1
37,12,16,52,IT,104842,1
44,14,12,39,HR,105245,1
50,9,18,41,IT,96900,1
33,0,18,57,Sales,77541,0
36,12,14,43,Finance,99637,1
22,1,18,37,IT,68354,0
37,8,16,46,IT,90192,1
52,9,18,54,Finance,107139,1
28,6,14,59,Sales,89435,1
23,0,12,48,Finance,61043,0
32,6,14,42,IT,86477,1
40,13,18,46,IT,114316,1
36,10,14,41,Finance,93732,1
34,6,18,58,HR,93926,1
36,14,14,43,Finance,112684,1
53,23,12,46,IT,135381,1
50,25,18,38,IT,159439,1
32,1,16,39,IT,67775,0
35,13,16,43,Sales,110744,1
38,5,16,41,Finance,81536,1
48,4,16,48,Sales,75532,0
43,4,18,54,Finance,83054,1
34,12,18,56,Sales,115850,1
50,18,12,51,HR,122377,1
53,27,14,35,IT,153340,1
35,9,18,59,IT,108792,1
27,4,16,49,Finance,76305,0
35,9,18,58,IT,100031,1
58,22,16,49,Sales,145771,1
31,0,12,35,HR,55657,0
49,2,14,49,Sales,71278,0
51,27,18,36,Sales,162913,1
45,0,14,38,Finance,58906,0
44,9,16,51,IT,94603,1
39,2,16,50,Sales,74192,0
22,0,14,52,Finance,62889,0
42,18,12,55,Sales,122133,1
40,9,14,50,Sales,92176,1
53,0,14,42,Sales,56815,0
28,5,18,40,Finance,82977,1
45,8,18,56,HR,98064,1
29,4,16,54,Sales,84990,1
54,33,18,36,Sales,178269,1
43,4,12,53,Finance,75528,0
25,0,12,47,IT,53700,0
45,24,12,56,HR,144255,1
28,1,16,56,Finance,73241,0
36,12,12,55,IT,107024,1
35,9,12,40,Finance,85216,1
21,0,18,40,Finance,63781,0
42,21,16,47,HR,136034,1
23,2,14,35,HR,64838,0
58,8,12,56,HR,93008,1
34,13,18,55,HR,115702,1
56,2,14,58,IT,71391,0
38,14,12,43,Sales,109551,1
38,3,14,56,Finance,77832,0
23,0,14,46,HR,64045,0
30,5,16,46,Sales,81940,1
59,19,16,60,IT,132031,1
21,0,12,38,HR,52377,0
47,16,12,53,Finance,114664,1
47,22,16,50,Sales,139290,1
31,4,12,60,HR,77077,0
25,0,12,46,Finance,60668,0
27,4,16,35,Sales,75075,0
39,12,14,57,Finance,106749,1
49,0,12,55,IT,62114,0
35,0,18,38,HR,62912,0
55,6,16,43,HR,82539,1
57,21,12,41,Finance,133246,1
32,4,12,44,Sales,71016,0
50,13,16,47,HR,112449,1
40,14,18,42,Finance,115237,1
57,20,18,54,IT,139165,1
23,1,16,44,HR,63750,0
29,8,18,44,Finance,92999,1
59,16,12,42,Sales,115891,1
46,23,18,54,HR,157639,1
22,1,12,49,HR,63842,0
43,6,14,35,IT,74736,0
43,21,18,49,Finance,139671,1
41,17,14,58,Sales,122104,1
36,11,16,51,IT,107981,1
29,2,18,47,IT,78359,0
33,3,12,46,IT,71630,0
48,6,18,37,Finance,84483,1
47,7,16,57,Finance,93101,1
37,12,16,53,HR,106612,1
58,23,12,58,Finance,146042,1
56,10,18,39,IT,104410,1
21,0,14,37,Finance,57896,0
38,8,16,55,Sales,93873,1
29,6,16,39,HR,89249,1
33,0,12,58,IT,60824,0
60,31,18,43,HR,177819,1
35,7,14,40,Finance,81199,1
24,0,18,50,HR,70110,0
53,1,18,44,HR,71072,0
44,14,14,50,Finance,115825,1
56,20,12,37,HR,125681,1
30,7,16,52,Finance,96420,1
56,16,12,45,IT,110886,1
40,14,12,53,HR,112483,1
31,3,18,59,Sales,79368,0
32,3,14,57,Sales,74565,0
38,8,16,49,IT,92908,1
50,2,18,45,Finance,80877,1
57,19,16,59,Finance,139372,1
40,18,18,56,HR,133527,1
45,17,14,58,HR,123409,1
32,3,16,44,Sales,78249,0
41,7,16,43,Sales,88877,1
45,0,12,37,Finance,54820,0
31,7,18,57,Sales,94313,1
29,7,18,43,Finance,95019,1
45,14,18,52,IT,118112,1
55,18,12,46,IT,120389,1
52,29,12,57,Sales,164278,1
34,9,16,55,HR,97678,1
21,0,18,58,Sales,68681,0
37,9,18,50,Sales,102426,1
45,11,16,38,Sales,97329,1
28,3,16,35,HR,72658,0
25,4,16,47,Sales,80262,1
25,4,14,60,HR,83105,1
55,3,14,42,Sales,69312,0
39,12,16,40,HR,105632,1
43,16,12,42,HR,110263,1
29,0,12,53,HR,64027,0
50,4,18,58,HR,84088,1
36,11,14,58,HR,104494,1
53,23,14,46,IT,143235,1
22,0,16,35,Finance,66574,0
34,1,16,38,Finance,62716,0
21,0,16,57,HR,67966,0
46,6,16,47,Finance,88288,1
45,15,16,51,HR,115477,1
36,7,12,53,Sales,81889,1
35,11,12,53,IT,100632,1
46,13,16,56,Sales,111746,1
36,2,12,39,Sales,59588,0
34,10,16,45,HR,97220,1
49,11,16,41,Sales,98023,1
44,12,14,37,IT,97034,1
35,7,12,45,Sales,86504,1
39,0,12,51,IT,55608,0
28,0,14,45,IT,64917,0
54,27,12,49,HR,148399,1
22,1,14,53,IT,66506,0
47,13,18,42,Sales,114174,1
30,1,12,50,HR,61493,0
55,3,16,55,IT,81072,1
43,11,14,49,IT,100133,1
28,7,16,37,Finance,89533,1
48,9,16,58,HR,97497,1
43,2,12,40,Finance,58004,0
24,3,14,37,IT,73071,0
34,5,18,39,Finance,87790,1
49,22,16,35,Sales,137519,1
21,0,16,56,Sales,69157,0
24,0,18,48,IT,67764,0
52,17,14,46,Finance,116426,1
53,2,12,47,Finance,64926,0
46,9,16,48,HR,96149,1
37,10,12,59,Sales,95601,1
59,18,14,46,Sales,124957,1
43,13,18,57,HR,122274,1
52,20,12,47,Sales,126139,1
35,11,14,58,Finance,103310,1
33,10,12,40,Finance,95699,1
22,1,12,55,Sales,68130,0
39,3,16,49,HR,72216,0
44,23,12,56,IT,144304,1
44,21,16,57,IT,144683,1
31,5,14,50,IT,80575,1
42,16,14,43,IT,115842,1
35,5,16,42,Finance,83272,1
30,2,18,39,IT,73317,0
47,12,12,49,Finance,104925,1
29,5,14,41,Finance,79030,0
48,9,14,58,IT,100561,1
21,0,18,51,IT,67624,0
37,10,14,50,IT,96277,1
51,28,16,58,Sales,164024,1
30,5,18,45,Sales,89249,1
57,1,14,41,HR,68227,0
49,0,18,45,Finance,64618,0
38,10,18,36,IT,104103,1
58,30,14,36,Sales,166740,1
59,34,14,40,HR,182979,1
26,4,14,37,Finance,74620,0
60,35,18,35,Finance,186475,1
32,6,16,58,Finance,88167,1
34,3,16,57,Sales,84219,1
30,7,12,54,IT,79942,0
40,6,14,50,IT,84080,1
35,9,16,48,Finance,98364,1
51,24,12,51,Finance,143022,1
27,0,12,52,HR,62807,0
30,4,14,59,HR,79311,0
30,3,12,38,Finance,67309,0
59,21,16,37,HR,139714,1
48,16,12,42,Sales,114303,1
50,21,12,38,Finance,126682,1
57,16,16,57,HR,126959,1
23,1,12,49,Finance,63363,0
35,13,12,47,IT,100423,1
41,16,18,48,Sales,126323,1
57,7,12,48,Finance,86102,1
32,1,12,39,IT,59339,0
24,1,18,39,Finance,74670,0
29,5,18,56,IT,90966,1
59,15,18,47,HR,123120,1
48,15,14,38,IT,113821,1
43,5,14,52,Sales,78185,0
60,23,16,40,Sales,144569,1
42,3,12,39,HR,62306,0
44,2,16,37,Finance,73323,0
46,5,14,54,Sales,85628,1
50,3,12,37,HR,62448,0
53,17,12,37,Sales,113208,1
36,5,18,54,HR,92807,1
42,4,14,36,Sales,70477,0
38,8,12,54,HR,83493,1
27,2,18,60,Sales,79196,0
46,5,12,52,Finance,73671,0
28,5,14,44,IT,80266,1
26,2,16,58,Sales,71668,0
50,10,16,60,HR,107073,1
59,14,12,55,Finance,113839,1
43,8,18,41,Sales,94642,1
52,23,18,54,HR,152877,1
42,18,18,60,IT,132879,1
29,8,14,56,HR,87858,1
51,18,16,48,Sales,128291,1
27,1,16,44,HR,63916,0
29,8,12,54,HR,88900,1
33,6,16,50,IT,90649,1
23,1,18,40,Sales,72746,0
55,8,14,51,Sales,94278,1
53,18,18,40,IT,132384,1
41,14,18,56,Finance,121756,1
51,18,16,52,HR,126333,1
54,33,14,44,HR,177650,1
52,9,14,44,HR,93048,1
55,18,18,43,Sales,132471,1
35,0,12,56,Sales,62874,0
52,30,16,49,HR,169121,1
26,3,12,45,Sales,66377,0
41,20,18,41,IT,141865,1
53,16,16,52,IT,125704,1
52,17,12,36,Sales,116083,1
39,16,12,36,HR,105911,1
53,1,12,60,HR,68985,0
48,18,16,47,HR,126569,1
51,0,12,45,HR,54698,0
41,10,14,59,Sales,100993,1
54,9,18,53,Finance,105981,1
35,4,16,54,Finance,85559,1
34,7,14,35,HR,78069,0
39,4,12,51,HR,74256,0
35,7,18,54,HR,101317,1
26,3,12,52,Finance,71174,0
29,3,14,42,IT,68672,0
57,30,12,47,Finance,159754,1
40,5,16,38,Sales,78159,0
54,8,14,53,Finance,87001,1
58,25,16,37,Sales,151508,1
46,14,18,40,HR,121923,1
38,15,16,40,Sales,117208,1
48,12,16,56,HR,107161,1
29,8,12,40,IT,87524,1
52,29,12,58,HR,161160,1
26,4,14,42,HR,70722,0
34,7,18,59,IT,95157,1
48,6,14,51,HR,87951,1
44,22,18,44,HR,150609,1
33,3,18,58,HR,85598,1
32,3,16,39,Finance,74185,0
39,10,12,53,Sales,96679,1
41,7,18,45,HR,89930,1
47,5,12,44,Finance,78202,0
39,9,18,37,HR,96489,1
44,6,12,56,Sales,82759,1
46,6,14,58,HR,88539,1
48,3,12,44,Sales,64458,0
38,2,16,36,Finance,72881,0
56,23,18,43,Finance,148741,1
49,6,16,39,HR,87846,1
37,3,18,55,IT,78471,0
24,0,16,51,Sales,66717,0
49,19,18,40,HR,132680,1
24,0,12,45,Finance,60316,0
30,6,18,39,HR,84844,1
45,16,16,41,Sales,115398,1
51,25,16,41,HR,150449,1
23,1,18,38,Sales,66393,0
22,1,18,55,Finance,73157,0
45,10,14,44,IT,95779,1
26,5,14,58,IT,80077,1
46,2,12,52,Finance,71215,0
28,2,12,35,Finance,65197,0
55,34,12,48,HR,179312,1
47,11,12,40,Finance,98052,1
45,0,12,45,Finance,60845,0
38,3,18,48,Sales,84007,1
21,0,14,54,HR,59732,0
59,13,18,60,Sales,120166,1
23,0,14,37,HR,56457,0
24,1,14,50,HR,68279,0
57,23,16,50,IT,144469,1
35,14,16,41,IT,113271,1
28,6,14,42,Finance,83771,1
58,16,18,38,HR,119034,1
39,11,14,46,Finance,97901,1
46,21,12,46,Sales,127492,1
59,22,18,44,Finance,150128,1
30,9,18,46,Sales,105700,1
58,13,14,45,IT,107804,1
34,11,12,45,IT,91607,1
39,17,14,49,Sales,123621,1
50,3,12,40,Sales,66758,0
25,2,18,45,Sales,74565,0
51,13,14,36,Finance,107166,1
27,2,12,58,Sales,70653,0
39,12,16,56,HR,110126,1
51,24,18,43,Sales,153470,1
59,17,18,45,IT,126037,1
44,10,16,50,Sales,99185,1
54,27,12,47,IT,156788,1
43,5,18,47,IT,90105,1
60,18,12,56,Finance,119979,1
26,5,16,56,Sales,86002,1
58,37,14,52,IT,195035,1
56,2,18,55,HR,84024,1
47,18,18,59,Sales,134444,1
31,3,12,35,Sales,62260,0
25,0,18,54,IT,73320,0
37,10,14,44,Finance,94698,1
27,4,16,60,Finance,82413,1
47,23,18,53,Sales,152878,1
35,0,16,51,Sales,68098,0
33,12,12,35,Finance,99597,1
31,10,14,35,Finance,88705,1
46,16,18,51,HR,127680,1
42,2,16,49,Sales,70509,0
48,13,14,36,Sales,108391,1
44,6,16,45,Sales,90439,1
49,24,12,55,Finance,146442,1
29,2,14,36,IT,70753,0
24,2,14,54,HR,68496,0
38,1,12,43,Finance,60328,0
36,9,12,53,Finance,96323,1
53,21,18,36,HR,140449,1
49,5,12,50,Sales,75498,0
59,26,12,54,IT,152134,1
30,4,16,43,HR,74838,0
29,8,14,54,IT,92450,1
51,30,16,55,Sales,173055,1
48,26,12,38,IT,147938,1
23,0,18,58,Sales,76095,0
34,1,16,47,Finance,71156,0
45,21,16,49,Sales,137364,1
35,14,14,54,HR,113468,1
22,0,14,36,HR,60052,0
44,18,14,54,Sales,128321,1
34,9,18,52,Sales,100973,1
27,3,18,59,Finance,80650,1
56,9,12,58,Finance,93005,1
44,7,12,43,Sales,82036,1
47,21,14,54,IT,133903,1
57,6,16,35,Finance,85552,1
58,3,14,37,HR,69091,0
50,14,12,57,Finance,108124,1
47,11,16,51,Finance,106944,1
59,5,12,45,Finance,72055,0
35,11,18,58,Finance,109091,1
46,8,14,59,Sales,98570,1
21,0,14,42,Finance,63432,0
24,2,16,55,IT,80357,1
49,7,14,46,Finance,86028,1
21,0,12,45,Finance,58190,0
42,6,12,47,HR,78924,0
31,3,18,49,Finance,79211,0
30,9,12,59,HR,95819,1
37,12,16,54,HR,113635,1
56,18,12,59,Sales,128031,1
46,6,18,51,HR,89748,1
41,9,18,46,HR,97024,1
33,8,14,53,IT,96656,1
29,2,16,54,IT,70303,0
31,9,12,45,HR,88047,1
31,8,18,44,Sales,92262,1
26,4,12,51,IT,70362,0
21,0,18,56,IT,71365,0
26,3,14,47,Sales,77338,0
33,2,18,50,Finance,79584,0
42,14,14,54,IT,114868,1
51,7,16,54,HR,92522,1
42,11,12,51,HR,97633,1
57,5,12,39,HR,71846,0
47,9,14,43,Sales,97382,1
34,1,16,56,HR,67429,0
25,4,14,58,Finance,77415,0
56,24,18,38,Sales,154069,1
52,6,14,43,IT,82190,1
54,22,16,50,Sales,139926,1
27,2,18,41,HR,72280,0
30,9,12,48,Sales,90425,1
37,3,12,48,Sales,73817,0
50,16,12,41,Sales,109119,1
41,15,16,58,Sales,122007,1
33,2,16,50,Finance,73783,0
21,0,16,52,Sales,65495,0
21,0,16,40,HR,60756,0
53,22,16,41,IT,138627,1
58,6,18,53,Finance,91096,1
45,12,14,42,Sales,101253,1
46,18,12,35,IT,118754,1
33,0,16,51,Finance,66559,0
48,25,12,60,HR,144914,1
53,21,16,53,HR,142737,1
57,12,12,56,IT,105946,1
50,28,14,41,Sales,156170,1
28,3,12,52,IT,74314,0
21,0,12,40,Finance,57252,0
32,6,16,55,IT,84898,1
25,0,18,40,IT,66970,0
44,0,18,35,Sales,69820,0
26,3,12,44,HR,72424,0
45,22,18,57,Sales,151670,1
21,0,14,42,HR,56650,0
45,13,14,41,Sales,103752,1
21,0,18,43,HR,64243,0
52,26,18,35,Sales,162116,1
23,2,14,60,HR,68603,0
39,10,18,59,HR,113482,1
49,23,18,45,HR,152036,1
22,1,16,37,HR,66428,0
29,8,16,52,Sales,96532,1
37,16,18,40,Finance,123251,1
56,3,18,45,HR,81583,1
37,6,16,39,HR,81848,1
32,0,16,54,HR,69244,0
40,8,18,38,HR,91147,1
23,0,16,42,HR,68291,0
24,3,14,44,IT,70056,0
37,1,12,37,IT,58788,0
57,33,14,47,HR,178498,1
35,7,16,51,HR,87185,1
53,14,14,39,HR,107933,1
36,0,12,42,Finance,57846,0
31,6,16,53,Sales,85635,1
40,8,14,52,HR,89157,1
58,34,14,35,Finance,177322,1
44,22,12,38,Finance,128578,1
36,5,16,52,HR,80979,1
50,14,18,48,Sales,115905,1
54,22,16,58,IT,146728,1
21,0,12,45,HR,53506,0
44,0,12,60,HR,62297,0
44,13,12,43,IT,101057,1
29,2,12,47,Sales,65209,0
42,15,18,60,IT,121772,1
32,9,16,51,HR,96695,1
37,0,16,49,HR,64795,0
45,4,14,36,Finance,69406,0
48,2,18,40,IT,72447,0
35,0,18,60,Finance,75496,0
50,17,14,41,Finance,116124,1
47,25,14,36,Finance,145202,1
42,20,16,58,Finance,141610,1
30,2,16,47,IT,71222,0
51,21,16,44,IT,138566,1
47,24,18,50,IT,151729,1
32,5,18,43,HR,86754,1
51,17,14,42,Sales,119685,1
52,15,12,59,Finance,111922,1
52,1,12,49,HR,61876,0
55,12,12,56,IT,100694,1
41,12,12,41,IT,100948,1
30,7,12,56,HR,82261,1
36,10,16,57,Finance,105668,1
27,5,14,53,IT,81262,1
24,1,12,38,Finance,56575,0
47,22,12,43,Finance,130839,1
45,0,12,53,Sales,54913,0
51,30,16,36,IT,163545,1
31,8,12,41,HR,87462,1
40,4,14,56,Sales,78370,0
56,8,16,53,Finance,98609,1
37,15,16,40,HR,114446,1
31,1,18,49,Sales,72382,0
50,29,18,41,Sales,168286,1
55,31,16,40,Sales,174064,1
58,22,12,35,Finance,131006,1
42,10,12,48,Finance,92478,1
47,19,12,35,IT,117907,1
57,18,12,59,Sales,123691,1
55,25,18,40,HR,152147,1
24,1,14,52,Finance,66876,0
36,7,16,51,Sales,89463,1
36,12,12,36,HR,99927,1
41,19,18,42,Finance,131982,1
46,13,14,55,HR,105328,1
56,33,16,57,HR,183967,1
39,3,16,57,IT,79317,0
37,6,16,36,Finance,88679,1
46,18,12,50,Finance,122600,1
42,16,16,38,Finance,116566,1
48,15,12,36,Finance,102681,1
21,0,14,57,IT,69725,0
56,12,18,39,IT,108844,1
57,23,18,51,Sales,150681,1
22,1,18,36,Finance,73408,0
37,11,16,56,HR,109047,1
60,0,18,48,IT,67599,0
58,14,14,54,HR,111732,1
41,2,12,41,HR,61029,0
29,5,18,49,HR,91987,1
33,6,12,52,Sales,83638,1
31,5,12,47,Sales,74510,0
36,0,18,46,Finance,68296,0
36,3,18,36,IT,79802,0
22,1,18,46,Finance,72100,0
28,7,16,40,Sales,91662,1
33,9,18,58,Sales,102536,1
37,14,16,35,HR,109323,1
59,13,14,55,Finance,106492,1
44,15,12,35,HR,105316,1
23,2,14,49,Sales,71475,0
50,15,18,50,Finance,122402,1
33,10,12,56,Finance,95737,1
39,18,18,41,IT,133717,1
27,0,18,56,Sales,72384,0
29,3,12,48,Sales,70294,0
39,9,14,59,IT,100372,1
60,33,18,53,Sales,188857,1
42,3,12,58,HR,70196,0
38,14,14,53,HR,113684,1
43,3,16,57,HR,81823,1
22,1,14,47,Finance,70315,0
31,1,14,55,HR,71164,0
51,6,12,46,Sales,79360,0
53,21,14,35,IT,127974,1
34,10,16,46,HR,102076,1
36,2,16,38,HR,71624,0
31,7,18,49,Finance,96693,1
53,0,16,59,Sales,66370,0
27,2,18,50,IT,80118,1
51,4,16,49,Sales,83884,1
34,1,14,42,HR,64271,0
48,11,18,53,Sales,112037,1
36,11,16,49,IT,105005,1
39,18,14,52,HR,128361,1
37,8,14,45,Sales,87303,1
46,10,18,43,IT,108623,1
26,0,12,35,HR,53316,0
29,3,14,43,HR,71533,0
37,9,14,57,Sales,95679,1
51,21,12,46,Finance,134375,1
32,8,18,36,Finance,98573,1
43,18,16,45,IT,129762,1
25,2,16,55,Sales,78318,0
56,30,14,48,IT,165957,1
56,31,12,36,Sales,165650,1
23,1,14,49,IT,63582,0
44,4,18,55,IT,87181,1
37,10,14,57,Sales,95330,1
59,36,16,55,Finance,195954,1
46,6,12,52,IT,77483,0
24,1,18,48,Sales,74931,0
32,9,14,55,Sales,99876,1
21,0,16,46,Sales,64976,0
41,12,14,44,HR,107690,1
39,1,16,48,Sales,69383,0
41,18,12,56,Sales,123722,1
38,10,18,49,HR,102068,1
23,2,14,39,HR,63966,0
52,19,18,36,Finance,128951,1
30,4,12,56,Sales,71910,0
60,8,16,40,IT,90098,1
35,5,12,46,HR,73055,0
25,0,12,36,HR,57348,0
24,2,18,38,Finance,73448,0
48,22,12,41,Finance,129477,1
24,3,14,50,Finance,76249,0
35,6,16,35,Sales,87734,1
37,4,12,35,Sales,66056,0
23,2,14,48,Sales,71194,0
30,9,16,45,HR,101815,1
43,15,18,46,Finance,124896,1
38,8,16,45,HR,90584,1
21,0,18,40,IT,65471,0
55,6,16,57,Sales,89878,1
51,10,12,46,HR,90185,1
21,0,18,55,IT,75657,0
23,0,18,46,HR,74286,0
23,0,18,44,IT,65118,0
57,29,12,42,HR,157847,1
39,8,12,54,HR,92995,1
49,2,16,53,Sales,75636,0
45,21,16,41,HR,138381,1
53,19,12,48,HR,120981,1
56,31,12,38,Finance,167467,1
49,15,18,35,HR,121866,1
46,6,16,42,Sales,88223,1
24,3,16,39,HR,75750,0
34,6,18,42,Sales,94200,1
47,19,18,42,Finance,132203,1
53,24,18,55,Sales,157135,1
42,12,14,58,Finance,108316,1
23,2,14,41,Finance,70508,0
43,11,12,53,Finance,93832,1
41,7,16,38,Finance,86950,1
43,12,18,57,Finance,110336,1
24,3,18,54,Sales,78006,0
41,15,16,40,Finance,117381,1
57,3,14,46,Finance,67323,0
51,28,16,52,Finance,166019,1
41,11,12,46,Finance,100505,1
46,16,14,52,Finance,115280,1
55,0,16,37,IT,59615,0
58,16,16,44,HR,117151,1
44,1,12,41,HR,60207,0
31,5,16,37,Finance,76014,0
49,11,14,53,Finance,102248,1
23,1,18,47,IT,78215,0
21,0,18,38,Finance,66911,0
39,10,18,44,IT,104171,1
42,20,14,40,HR,129985,1
34,10,16,35,Sales,100469,1
34,1,16,40,HR,70150,0
36,7,16,42,Sales,89470,1
53,24,16,49,Sales,152221,1
33,6,18,42,Sales,90057,1
58,27,14,56,Finance,154749,1
32,11,12,40,IT,96828,1
58,28,14,53,Sales,165183,1
59,22,16,48,IT,145028,1
53,20,16,36,HR,135386,1
53,15,14,41,Sales,110751,1
49,20,14,42,HR,128725,1
25,2,18,44,IT,77944,0
26,0,16,47,IT,62637,0
51,12,14,56,HR,104968,1
36,9,16,55,IT,100687,1
51,4,14,54,HR,75095,0
45,21,16,35,IT,138803,1
53,9,14,43,Finance,95776,1
33,6,16,44,HR,82656,1
30,8,12,54,Sales,84694,1
44,13,18,36,Sales,112360,1
30,9,12,54,Sales,96040,1
51,13,18,45,IT,119479,1
33,9,18,39,HR,95950,1
23,0,14,52,IT,68036,0
54,22,12,41,Sales,134787,1
48,11,18,37,Finance,100773,1
39,18,16,50,Sales,129312,1
43,5,14,49,Sales,78477,0
52,11,14,42,Sales,96121,1
33,7,16,54,Finance,93398,1
53,12,16,39,Finance,102096,1
54,1,18,37,HR,65773,0
53,11,16,39,Finance,103421,1
25,2,14,43,HR,70451,0
23,1,16,50,Finance,67746,0
27,5,12,48,HR,77645,0
44,8,14,52,Sales,89678,1
42,17,16,41,Finance,121851,1
43,10,14,49,IT,97429,1
50,15,18,60,IT,123199,1
38,10,12,42,HR,93268,1
52,17,18,37,Finance,130754,1
27,2,12,45,Finance,62591,0
53,24,16,54,IT,150984,1
25,3,14,60,Finance,73344,0
48,17,16,52,Finance,128497,1
28,2,18,49,HR,75951,0
35,12,14,44,Sales,105720,1
24,3,16,59,IT,85142,1
54,2,16,37,Sales,65992,0
25,1,14,49,Finance,69606,0
53,18,14,59,Finance,127129,1
25,0,18,57,HR,74845,0
58,20,12,40,Sales,124644,1
54,0,12,45,Sales,57839,0
46,5,14,45,HR,74605,0
21,0,12,53,Sales,63643,0
24,2,18,57,HR,79514,0
59,22,12,37,HR,129613,1
46,14,14,47,Finance,113143,1
53,30,18,56,Finance,173977,1
53,11,14,42,Finance,99281,1
28,4,18,55,HR,82983,1
40,19,18,45,Finance,134311,1
36,1,14,45,IT,64285,0
41,4,16,47,IT,82413,1
46,8,14,37,Finance,91837,1
43,19,18,40,HR,139188,1
38,13,14,58,IT,114164,1
51,17,14,44,Finance,121058,1
32,5,18,53,IT,90959,1
21,0,12,46,IT,53890,0
29,7,18,48,IT,99708,1
23,1,14,45,Sales,64802,0
46,8,18,55,IT,104679,1
29,6,18,59,Finance,91291,1
36,13,12,60,IT,108401,1
44,17,16,44,Finance,127779,1
34,10,14,37,IT,97879,1
23,0,14,47,IT,66134,0
54,4,12,52,Sales,72249,0
53,28,18,47,IT,164665,1
44,14,16,58,Finance,117009,1
29,4,14,48,Sales,74329,0
33,10,16,48,Sales,97121,1
22,1,16,41,IT,64604,0
27,5,18,46,IT,82954,1
41,13,18,59,HR,122536,1
39,18,18,38,IT,133084,1
45,2,14,50,HR,74888,0
42,9,16,53,Finance,100853,1
31,5,16,44,IT,81939,1
53,2,14,50,IT,65892,0
52,1,12,39,HR,58490,0
41,12,18,50,HR,109660,1
59,1,14,35,Sales,61913,0
40,14,18,39,Sales,119036,1
28,4,16,47,IT,82450,1
57,14,14,47,Finance,110020,1
29,4,12,37,Sales,73428,0
45,16,18,51,Sales,123599,1
45,1,16,53,Sales,68923,0
53,31,16,39,HR,168860,1
22,1,12,39,IT,63706,0
39,14,12,49,HR,111325,1
40,19,18,44,Finance,138330,1
49,22,16,46,HR,142312,1
26,2,12,58,IT,65258,0
37,4,14,45,HR,79402,0
45,10,12,35,Finance,92829,1
58,36,14,57,IT,187853,1
24,0,16,55,IT,70835,0
50,0,18,37,IT,68377,0
40,13,16,38,IT,105084,1
23,0,16,53,Finance,69827,0
43,7,16,58,IT,89633,1
38,13,16,54,Finance,110551,1
46,15,18,37,Finance,121120,1
56,33,12,52,HR,179645,1
28,2,18,37,HR,77686,0
37,8,18,41,IT,96591,1
51,4,18,56,Sales,84317,1
57,4,18,60,Sales,90589,1
53,24,12,55,IT,142827,1
47,25,16,58,Finance,158024,1
24,2,12,35,HR,58566,0
42,3,12,53,IT,65646,0
46,15,16,52,IT,120424,1
52,15,12,36,Finance,109887,1
44,15,18,46,HR,120438,1
55,6,18,51,Sales,87641,1
57,17,16,55,Sales,125434,1
52,23,16,55,IT,144341,1
27,4,16,37,IT,72207,0
53,30,18,46,IT,176620,1
51,0,16,59,IT,69428,0
32,2,12,46,IT,64893,0
31,8,12,40,Sales,84521,1
44,20,14,44,IT,136188,1
28,7,14,56,HR,89526,1
52,0,16,60,Finance,72802,0
58,6,14,40,Sales,78384,0
42,6,18,48,Finance,92320,1
54,7,18,36,Finance,95100,1
39,18,12,45,IT,121423,1
40,16,12,49,Finance,115168,1
34,10,14,60,HR,103696,1
53,10,14,60,IT,98739,1
30,5,18,42,Sales,85923,1
36,8,12,56,HR,88860,1
24,1,14,47,Sales,67640,0
47,17,18,53,IT,134802,1
48,19,12,44,IT,127177,1
36,1,18,43,Sales,73238,0
53,3,18,52,Finance,85785,1
39,17,12,41,Sales,111817,1
41,0,18,37,HR,65590,0
42,10,14,46,Finance,94684,1
29,2,18,49,IT,75514,0
29,7,14,56,HR,93014,1
29,4,16,55,HR,82414,1
47,19,16,47,IT,137448,1
37,4,16,40,Finance,80915,1
28,3,18,42,IT,77164,0
36,10,16,48,HR,96989,1
38,11,16,37,HR,105426,1
53,21,18,50,HR,147899,1
21,0,12,52,IT,56833,0
32,8,18,58,Sales,105568,1
26,4,14,51,HR,73613,0
25,4,18,52,HR,88769,1
36,5,12,44,Finance,70670,0
38,2,16,51,Sales,74006,0
38,12,18,50,Finance,114589,1
21,0,16,55,HR,73171,0
39,10,14,58,Sales,104762,1
28,2,12,36,Finance,59985,0
23,0,16,54,IT,70464,0
45,19,16,38,Finance,134491,1
25,4,16,45,Sales,81626,1
60,6,16,41,Finance,82675,1
39,16,18,51,Sales,126744,1
38,15,12,59,Sales,115650,1
51,13,12,53,Finance,100598,1
53,32,16,40,Finance,174248,1
38,10,12,44,IT,88347,1
59,12,16,55,Finance,110776,1
36,0,14,38,Sales,61150,0
36,1,14,59,HR,68906,0
58,8,14,59,Finance,92735,1
27,4,12,35,Finance,73417,0
34,4,16,41,Sales,82809,1
45,8,18,60,HR,100968,1
52,12,18,59,IT,115754,1
58,36,14,55,HR,186926,1
42,14,14,50,Sales,108841,1
36,13,12,51,Sales,107087,1
49,6,18,58,Sales,94263,1
36,13,12,39,Sales,102374,1
32,5,14,56,HR,79444,0
37,1,16,57,HR,77285,0
57,15,16,44,HR,113404,1
47,18,16,41,Finance,132260,1
45,4,14,47,Sales,72169,0
33,3,12,41,Finance,69528,0
28,5,16,49,Finance,85680,1
25,2,18,51,Finance,80117,1
32,5,18,57,IT,92028,1
23,2,14,37,Finance,67377,0
55,3,18,39,Sales,82160,1
53,31,18,44,Finance,181151,1
42,0,14,39,Sales,61346,0
29,1,12,58,IT,66635,0
38,12,16,41,HR,104243,1
49,8,14,41,Sales,93079,1
59,11,18,56,Finance,114575,1
47,9,16,57,Sales,100105,1
56,9,16,48,Finance,98175,1
37,11,16,57,HR,106161,1
54,22,14,49,Sales,141171,1
23,1,16,39,Finance,72031,0
25,0,12,39,Sales,53093,0
34,7,18,38,HR,93140,1
23,0,14,54,HR,61884,0
43,9,14,55,HR,93230,1
59,30,16,60,Sales,179005,1
50,14,18,43,Sales,116647,1
43,8,16,46,Finance,89695,1
47,23,16,50,HR,151352,1
30,1,14,56,Finance,68340,0
45,17,12,42,Sales,112210,1
33,11,18,43,IT,106145,1
36,2,18,46,HR,78623,0
54,6,18,54,Finance,97550,1
57,24,18,41,HR,149437,1
42,5,12,55,Finance,74840,0
37,0,14,38,Finance,56310,0
43,13,12,57,IT,102342,1
56,15,16,37,Sales,113760,1
29,3,14,35,HR,65316,0
22,0,12,41,Sales,55841,0
52,5,18,43,Finance,88966,1
42,14,18,36,Sales,118481,1
33,11,14,41,IT,100807,1
28,7,12,44,Sales,80505,1
21,0,14,36,Finance,63032,0
37,7,18,47,Finance,97708,1
32,0,12,37,IT,51831,0
24,0,18,47,HR,74947,0
33,10,14,44,IT,98609,1
51,17,14,46,HR,117867,1
27,1,14,60,Finance,66310,0
43,12,14,37,Sales,103974,1
44,21,14,54,Finance,137823,1
25,2,16,40,IT,75686,0
25,1,14,37,IT,66396,0
37,3,14,59,Sales,79869,0
50,16,18,36,IT,125080,1
29,2,14,57,Finance,72952,0
26,5,12,56,Sales,78005,0
45,9,14,48,HR,89041,1
39,5,16,49,IT,83855,1
36,1,14,52,HR,64198,0
41,3,18,53,Sales,82789,1
22,0,12,56,IT,57086,0
30,7,12,44,Sales,86101,1
36,9,14,54,IT,91507,1
57,27,14,51,IT,160188,1
35,10,14,51,IT,97105,1
33,2,14,53,Sales,70404,0
33,7,18,58,Sales,93873,1
52,19,18,38,Finance,131838,1
28,1,12,45,Finance,56085,0
38,0,14,51,Sales,66023,0
56,28,18,58,Sales,176388,1
46,23,18,44,IT,154199,1
30,7,12,56,Finance,88951,1
51,2,12,51,Finance,63808,0
53,32,16,46,Sales,173944,1
49,19,18,44,Finance,138528,1
25,0,12,44,Sales,56864,0
33,8,18,40,Finance,95645,1
21,0,18,51,HR,72132,0
43,16,14,60,HR,126601,1
60,30,14,60,Finance,170266,1
23,2,14,53,Sales,75445,0
23,1,14,36,HR,61430,0
27,5,18,38,IT,89316,1
56,6,16,52,Sales,84791,1
55,10,16,55,HR,108224,1
35,1,16,38,IT,71339,0
60,11,18,40,HR,107421,1
23,0,16,48,HR,63425,0
49,14,18,41,IT,115811,1
50,26,12,46,IT,149541,1
59,11,16,36,Finance,104324,1
38,12,18,52,HR,116472,1
31,7,12,58,IT,84592,1
58,15,14,47,Finance,116099,1
60,28,12,47,IT,159259,1
21,0,12,59,Finance,61328,0
49,2,16,39,Finance,72216,0
30,2,14,41,IT,65783,0
48,1,14,46,IT,61315,0
51,0,16,59,HR,70857,0
39,7,12,48,HR,84258,1
23,1,18,35,Finance,67583,0
56,31,16,58,IT,178039,1
35,5,12,44,HR,70627,0
53,27,18,60,Finance,173203,1
46,14,16,59,HR,115437,1
36,6,16,43,Finance,87479,1
56,23,14,44,HR,139738,1
53,12,14,41,IT,104519,1
40,11,14,50,Sales,103000,1
33,12,18,46,Sales,108521,1
53,22,16,46,Finance,140566,1
25,1,14,60,Sales,67325,0
57,27,14,53,Sales,160070,1
34,13,16,47,Finance,115010,1
47,16,18,55,Sales,132213,1
43,20,14,52,HR,129004,1
34,9,12,60,HR,93638,1
60,33,18,37,HR,186371,1
24,2,14,60,IT,74158,0
59,21,12,41,HR,129221,1
39,9,14,35,Sales,88697,1
24,1,18,37,Sales,70666,0
50,7,16,55,HR,88157,1
39,4,16,48,IT,78575,0
51,6,18,38,HR,89311,1
51,25,14,53,IT,156213,1
29,4,18,56,IT,88843,1
33,8,12,40,HR,86921,1
34,5,14,54,IT,77505,0
30,6,18,43,Sales,94397,1
51,11,16,45,HR,107705,1
57,36,18,56,Sales,201035,1
43,13,14,49,IT,103703,1
47,15,18,43,Finance,123636,1
26,2,16,45,HR,75226,0
46,19,12,60,Finance,129486,1
22,0,18,44,Finance,69383,0
33,11,18,36,Finance,102939,1
39,14,12,56,Finance,113757,1
21,0,18,48,Sales,65636,0
60,25,16,38,HR,150391,1
52,8,12,36,Sales,83760,1
42,0,16,39,IT,60499,0
49,2,16,48,HR,71787,0
22,1,16,49,HR,69199,0
60,19,14,53,Sales,126846,1
58,5,12,40,IT,68631,0
31,9,14,49,Finance,95569,1
37,9,14,48,IT,94492,1
28,7,18,42,Sales,92313,1
42,0,12,54,Sales,61259,0
24,3,18,46,Sales,76758,0
31,3,14,38,Finance,70198,0
28,5,18,55,HR,87022,1
29,2,16,40,IT,67948,0
46,1,14,45,IT,66605,0
22,1,16,57,Finance,77412,0
36,9,12,56,Sales,94161,1
51,27,18,41,IT,165071,1
26,3,14,59,HR,79067,0
41,3,12,38,IT,70849,0
46,0,16,60,Sales,69718,0
39,14,18,49,IT,118850,1
48,9,18,35,Sales,93523,1
28,1,14,43,HR,61881,0
34,12,18,57,Finance,114584,1
44,14,18,54,Sales,123010,1
57,1,16,60,Sales,76002,0
46,19,16,42,IT,134637,1
51,3,16,46,Finance,73612,0
52,0,12,41,Sales,58315,0
22,0,12,52,IT,61871,0
45,22,18,35,HR,148390,1
22,1,12,43,Finance,55540,0
21,0,14,41,IT,62192,0
56,10,16,48,Finance,104176,1
32,9,12,60,Sales,97813,1
29,0,18,35,IT,64383,0
56,10,16,47,HR,103728,1
48,23,12,54,HR,144926,1
58,9,16,49,IT,100661,1
53,13,12,39,IT,105374,1
42,13,18,39,Finance,111660,1
45,6,12,48,IT,76984,0
38,10,12,48,Finance,93133,1
26,5,12,48,Sales,80248,1
38,3,16,39,IT,78969,0
36,10,12,45,Sales,94047,1
35,7,12,53,HR,80707,1
28,1,12,39,Finance,57052,0
33,6,16,38,Finance,81624,1
27,2,18,49,HR,76144,0
37,13,18,55,Sales,114251,1
52,18,18,41,Finance,136163,1
42,6,12,39,HR,73095,0
33,11,16,49,HR,109406,1
43,2,18,48,HR,77141,0
49,14,18,58,IT,118156,1
42,4,18,58,Sales,89704,1
21,0,14,37,HR,56720,0
49,7,16,39,Sales,85629,1
25,4,14,46,Finance,80223,1
55,6,12,54,IT,84005,1
30,6,18,48,HR,90424,1
39,17,12,39,HR,110234,1
57,31,16,58,HR,180333,1
27,1,12,38,Finance,53920,0
55,11,12,55,IT,96312,1
33,9,18,50,Sales,97956,1
30,8,16,41,Sales,94587,1
22,1,12,37,Sales,61500,0
26,5,14,56,Sales,81778,1
28,4,18,59,Sales,83762,1
56,0,14,38,Sales,62320,0
45,0,18,54,Sales,74327,0
60,19,12,56,IT,129489,1
27,0,18,40,IT,72782,0
43,10,12,37,Finance,93194,1
39,11,14,35,HR,100238,1
42,2,12,37,IT,61941,0
33,5,18,58,HR,90534,1
41,10,18,42,Finance,106249,1
21,0,18,50,IT,71167,0
39,12,14,56,Finance,106574,1
53,10,16,41,IT,99379,1
24,3,14,52,IT,76348,0
23,0,12,43,Sales,53553,0
47,9,12,37,HR,81644,1
55,33,14,52,Finance,178470,1
48,23,14,50,Sales,142264,1
26,5,12,55,IT,76032,0
26,4,12,35,IT,67827,0
43,15,12,55,Finance,108085,1
53,16,16,60,HR,122613,1
36,15,16,54,Finance,122481,1
44,10,14,50,IT,100227,1
25,1,14,46,Sales,63591,0
33,7,16,40,Finance,92279,1
32,6,18,55,Sales,97294,1
25,4,16,43,HR,80681,1
57,28,14,55,HR,161016,1
51,15,16,47,Sales,114856,1
48,15,18,58,HR,123935,1
48,25,14,46,Sales,151816,1
50,1,12,47,Sales,61886,0
38,15,14,52,Sales,116055,1
47,24,16,53,HR,155901,1
55,7,16,53,Sales,88037,1
46,19,18,53,HR,133552,1
59,24,16,40,Sales,148909,1
38,9,18,50,Sales,100238,1
53,22,14,41,HR,132438,1
45,1,16,41,Sales,69039,0
51,2,14,57,Sales,67825,0
57,29,12,53,HR,162100,1
22,1,12,50,IT,59865,0
53,31,18,51,Finance,174818,1
59,28,16,56,HR,171428,1
52,8,14,53,Sales,88861,1
38,1,14,50,Finance,63351,0
37,6,16,50,Finance,90112,1
54,6,14,53,Sales,85421,1
59,4,16,49,Sales,84754,1
27,6,16,37,IT,79200,0
55,17,12,49,Sales,121984,1
50,5,16,59,Finance,89038,1
32,1,14,50,Sales,68635,0
55,15,16,54,Finance,121729,1
31,4,12,39,HR,67209,0
24,1,12,53,HR,60355,0
45,9,18,44,Finance,105546,1
52,3,14,47,HR,74678,0
40,11,16,49,IT,107743,1
51,26,14,46,Finance,152580,1
24,3,14,51,Finance,78680,0
58,18,16,49,Sales,125610,1
21,0,12,38,IT,56563,0
23,2,14,49,Sales,72693,0
57,8,18,51,IT,101015,1
42,16,14,45,IT,118642,1
37,7,12,57,IT,87205,1
34,11,18,57,Finance,107781,1
55,14,18,49,HR,122231,1
33,3,18,54,HR,78304,0
55,5,18,55,Sales,90849,1
22,1,16,60,Sales,70870,0
33,12,16,41,HR,101502,1
36,15,16,47,HR,113842,1
38,4,18,56,IT,91521,1
27,6,12,47,Sales,80331,1
56,12,14,54,Sales,104940,1
50,14,18,54,Sales,118921,1
27,0,12,36,Sales,55826,0
35,8,14,44,HR,93051,1
60,26,18,52,HR,166504,1
39,4,14,54,Finance,82566,1
57,18,16,39,Finance,126919,1
22,0,16,54,HR,71638,0
33,2,16,53,IT,70630,0
60,12,12,36,HR,93360,1
51,13,16,38,IT,113076,1
36,15,12,50,Sales,115187,1
26,4,16,55,Finance,82908,1
48,1,16,50,IT,72058,0
52,13,16,51,Sales,110375,1
30,3,12,49,HR,71708,0
38,6,14,47,Finance,79182,0
24,0,12,35,HR,52253,0
29,8,18,56,Sales,98758,1
27,1,18,39,Sales,74935,0
28,6,12,54,HR,83033,1
27,6,12,35,Sales,74814,0
60,27,14,46,Sales,156390,1
23,1,12,57,IT,61750,0
37,13,16,49,HR,113303,1
22,0,14,38,HR,55283,0
35,11,12,53,Finance,96077,1
49,1,12,50,IT,62738,0
42,16,18,57,IT,128075,1
24,2,14,52,Sales,65606,0
26,3,18,60,Finance,87145,1
58,3,12,51,Finance,74537,0
46,12,14,45,IT,103900,1
31,1,16,54,Finance,68789,0
46,2,12,47,IT,64291,0
37,4,12,58,Finance,76023,0
44,0,18,56,IT,70093,0
48,8,16,43,IT,95291,1
55,23,12,51,Sales,139009,1
51,7,18,51,Sales,95225,1
33,2,18,39,Finance,72924,0
55,1,12,56,Sales,60540,0
36,0,14,42,HR,63117,0
35,11,12,37,HR,92093,1
38,12,16,40,Finance,104590,1
57,9,12,37,IT,90508,1
47,16,14,42,Sales,120055,1
55,4,18,46,Finance,85744,1
55,8,16,38,HR,86717,1
48,12,16,36,IT,102007,1
59,22,16,59,Sales,142340,1
58,29,16,44,IT,162558,1
29,6,14,49,IT,82943,1
32,3,14,47,Sales,77262,0
35,4,14,58,Sales,83566,1
41,10,14,49,HR,102177,1
55,8,18,56,HR,104043,1
53,6,12,53,IT,76919,0
39,15,14,52,IT,119000,1
43,22,12,47,HR,138579,1
33,9,16,54,HR,100073,1
21,0,18,54,IT,73557,0
49,22,18,35,Finance,143711,1
44,4,12,59,Finance,78472,0
36,5,12,50,Finance,76238,0
45,18,12,60,Sales,123901,1
43,0,18,42,HR,71502,0
48,26,14,57,Finance,156033,1
36,15,18,40,Finance,123170,1
58,27,14,37,HR,150149,1
31,1,16,54,Sales,71634,0
23,0,14,50,Finance,60666,0
35,0,12,36,Sales,52253,0
21,0,14,57,Sales,61667,0
27,1,14,36,IT,61052,0
21,0,18,49,HR,74179,0
52,6,12,44,IT,75673,0
29,4,16,35,Finance,71935,0
49,12,14,56,IT,110981,1
46,21,16,54,HR,142924,1
43,15,12,49,Sales,108605,1
49,23,14,58,Sales,149346,1
58,13,18,35,Finance,108834,1
53,10,16,59,HR,106742,1
27,2,18,56,Sales,83456,1
32,6,16,50,Finance,87351,1
51,1,12,52,HR,58522,0
52,27,14,58,HR,160833,1
40,7,16,39,IT,92680,1
37,12,18,55,Sales,115572,1
56,27,16,39,HR,162740,1
23,1,16,57,Sales,68154,0
21,0,16,57,Sales,64106,0
47,18,16,44,HR,124965,1
60,27,16,57,Sales,160691,1
53,3,16,46,IT,76130,0
40,11,18,44,Finance,104357,1
34,4,16,36,Finance,80803,1
56,35,16,58,HR,192994,1
25,3,16,35,IT,75463,0
43,21,14,50,Finance,140920,1
35,7,12,52,IT,81062,1
26,0,12,41,HR,51790,0
53,4,12,38,IT,72909,0
39,16,18,44,HR,128282,1
33,0,18,44,Finance,66748,0
49,1,18,59,Finance,81608,1
26,1,16,45,Finance,72524,0
35,4,12,59,Finance,71876,0
36,6,16,37,Sales,85199,1
44,6,14,48,IT,81000,1
43,3,12,47,IT,66694,0
30,3,14,53,IT,71663,0
37,10,14,59,HR,96766,1
50,25,16,44,Finance,153444,1
30,2,12,49,Finance,63490,0
39,1,14,42,Sales,66179,0
49,15,12,51,Sales,108473,1
22,0,14,40,Finance,57363,0
56,14,14,41,IT,108023,1
39,16,16,48,IT,120901,1
27,3,12,42,Finance,64914,0
46,6,16,46,HR,88442,1
35,4,16,52,IT,76948,0
58,33,16,48,Finance,179022,1
23,0,16,35,Finance,61633,0
58,15,16,38,Sales,111111,1
36,4,14,51,Sales,75829,0
22,0,12,52,Finance,62337,0
51,26,12,53,HR,152249,1
48,26,16,38,Finance,153500,1
27,6,12,40,IT,81458,1
50,15,14,42,HR,108247,1
27,2,16,59,HR,73409,0
56,20,18,49,Sales,138722,1
49,8,18,54,Finance,99190,1
44,7,14,35,Sales,85854,1
59,21,14,39,IT,132036,1
24,2,18,50,Sales,81183,1
49,21,16,55,IT,141523,1
25,4,14,59,Finance,75068,0
49,16,18,40,Finance,126144,1
50,4,16,55,Sales,78970,0
49,13,14,44,Sales,104297,1
46,6,12,44,Sales,74502,0
39,8,12,39,IT,80594,1
46,16,12,42,HR,110124,1
57,34,16,35,HR,177588,1
47,7,14,39,Sales,84905,1
50,21,18,35,Sales,136326,1
50,12,14,41,Finance,104784,1
23,0,12,49,Sales,57969,0
27,4,12,57,Finance,77682,0
29,1,16,60,IT,77975,0
33,2,18,58,IT,78756,0
35,11,16,48,IT,106116,1
25,1,18,57,IT,72702,0
49,16,14,43,Sales,112967,1
55,6,16,42,Sales,81344,1
47,18,16,42,Finance,125674,1
47,22,16,37,Sales,137590,1
28,3,12,60,Finance,75044,0
52,22,12,54,IT,135964,1
40,7,18,38,Finance,92921,1
30,0,14,51,Finance,61162,0
33,4,16,40,Sales,82074,1
49,25,12,36,IT,143255,1
55,27,16,43,HR,161268,1
28,2,18,48,Sales,74960,0
49,6,18,35,Sales,87291,1
51,0,14,51,HR,62134,0
50,7,18,45,IT,91774,1
42,18,16,60,HR,136268,1
41,19,14,40,Finance,124614,1
32,3,14,35,HR,69704,0
31,9,12,53,IT,87412,1
22,1,16,50,IT,69785,0
22,1,18,60,HR,81566,1
54,32,12,52,Sales,170957,1
23,0,16,45,HR,64056,0
36,8,16,43,Finance,90225,1
24,0,14,55,HR,66457,0
43,3,14,40,HR,75417,0
40,3,16,36,HR,72288,0
